ID do Agente,Nome do agente,Tipo de criador,Nome de usuário,Respostas enviadas aos usuários,Data da última atividade (UTC)
P_9946b656-2c96-e9fa-4ce4-8ad96c5b789b,Jurisprudência GPT,Agente criado por Terceiros,thayanne@mppa.mp.br,16,5 de out. de 2026
T_f3bab27b-2b43-7217-0634-d9c86de7211e,Anonimizador LGPD,Agente criado pelo usuário,cstilianidi@mppa.mp.br,15,5 de out. de 2026
T_488b547b-6f11-2270-a63f-e663ce16a302,Promotor de Justiça - JECRIM,Agente criado pelo usuário,rsouza@mppa.mp.br,15,5 de out. de 2026
T_9ff8cd50-9f44-c9fa-3f4e-65cfd714fe6b,Analista FIRAC Jurídico,Agente criado pelo usuário,rsouza@mppa.mp.br,3,5 de out. de 2026
T_9ad3cb7a-f650-bda2-e020-2031a0701243,Analista de Licitações,Agente criado pelo usuário,tiagogomes@mppa.mp.br,3,5 de out. de 2026
T_78cd15a5-cf1a-0170-5819-f36e7d57fdd3,CPat. Razões Recursais MP,Agente criado pelo usuário,novaismanoela@mppa.mp.br,3,5 de out. de 2026
T_18a9f955-e7ec-d35a-1d2f-1993e37ce8f7,CPat. Alegações Finais MP,Agente criado pelo usuário,erikamenezes@mppa.mp.br,49,5 de out. de 2026
T_a02ad702-f8ba-7f49-7349-2b8e69cdf30c,CPat. Denúncia,Agente criado pelo usuário,erikamenezes@mppa.mp.br,55,5 de out. de 2026
T_66d89d58-c86e-f1ce-b0d7-6406627634a2,Auxiliar Administrativo,Agente criado pelo usuário,esarmento@mppa.mp.br,70,5 de out. de 2026
P_9946b656-2c96-e9fa-4ce4-8ad96c5b789b,Jurisprudência GPT,Agente criado por Terceiros,suellencoutinho@mppa.mp.br,13,5 de out. de 2026
T_19f44508-0f59-1cc2-c106-1cd64603500c,FIRAC+ Análise Jurídica,Agente criado pelo usuário,samuelgomes@mppa.mp.br,19,5 de out. de 2026
T_e5424285-93b6-ab0c-3bec-e922acc1633a,Júri Diligências Iniciais,Agente criado pelo usuário,samuelgomes@mppa.mp.br,2,5 de out. de 2026
T_41bb993a-975a-e0d0-712b-6a792f55f9f3,Júri Perguntas em AIJ Crim 01,Agente criado pelo usuário,emerio@mppa.mp.br,68,5 de out. de 2026
T_76a3f070-07fc-8b64-03dd-f77c7c0956d7,Redação Docs Institucionais,Agente criado pelo usuário,rener@mppa.mp.br,15,5 de out. de 2026
P_9946b656-2c96-e9fa-4ce4-8ad96c5b789b,Jurisprudência GPT,Agente criado por Terceiros,reginaldo@mppa.mp.br,3,5 de out. de 2026
T_74c94319-4be0-15f1-221f-c7927ffdae46,CONTROLE EXTERNO,Agente criado pelo usuário,reginaldo@mppa.mp.br,97,5 de out. de 2026
T_19f44508-0f59-1cc2-c106-1cd64603500c,FIRAC+ Análise Jurídica,Agente criado pelo usuário,luissilva@mppa.mp.br,122,5 de out. de 2026
T_73d7a1ae-f69a-3d87-2c70-6ac2165d7799,Correção de textos,Agente criado pelo usuário,luissilva@mppa.mp.br,60,5 de out. de 2026
T_a0ea4777-8377-fd74-735c-b55d5e33eb69,C.Sex Analista de Investigação,Agente criado pelo usuário,luissilva@mppa.mp.br,18,5 de out. de 2026
T_a2acaa0f-b41c-a57f-806c-b865b4b5eb75,Tráfico Diligências,Agente criado pelo usuário,luissilva@mppa.mp.br,2,5 de out. de 2026
P_9946b656-2c96-e9fa-4ce4-8ad96c5b789b,Jurisprudência GPT,Agente criado por Terceiros,rosianesantos@mppa.mp.br,51,5 de out. de 2026
T_a8fe5e48-c3ae-dcf1-2472-24ddde629785,Agente1,Agente criado pelo usuário,rosanaluiz@mppa.mp.br,14,5 de out. de 2026
T_855b4c05-a4d2-f65d-327e-e0df471f36eb,REGISTRO PÚBLICO,Agente criado pelo usuário,smendes@mppa.mp.br,4,5 de out. de 2026
T_f90079d6-2ea0-dd6f-276b-79c037b54e53,FAMÍLIA,Agente criado pelo usuário,smendes@mppa.mp.br,117,5 de out. de 2026
T_0560b026-a088-990b-bce6-5274168dd83f,PromotorIA 10,Agente criado pelo usuário,cinara@mppa.mp.br,25,5 de out. de 2026
T_632005cf-23ef-f061-9775-62bbf725b155,IC 2 – Andamento,Agente criado pelo usuário,camilasamartins@mppa.mp.br,9,5 de out. de 2026
T_19f44508-0f59-1cc2-c106-1cd64603500c,FIRAC+ Análise Jurídica,Agente criado pelo usuário,danielesaraiva@mppa.mp.br,157,5 de out. de 2026
T_282b7a13-4340-e983-9e62-0595e85800cc,Assistente extrajudicial,Agente criado pelo usuário,fjaelder@mppa.mp.br,9,5 de out. de 2026
T_0970dcf6-22d2-398e-9f08-62dde6b68429,NF 1 - Análise Inicial,Agente criado pelo usuário,gabrielaknebel@mppa.mp.br,39,5 de out. de 2026
T_da70e3e8-0ac2-68b9-0471-9f8cb90c8c7f,Assistente do MP PA,Agente criado pelo usuário,rnascimento@mppa.mp.br,120,5 de out. de 2026
T_16d4e10b-c6e4-c443-e6fc-5fa8ae00d751,EMENTARIUS,Agente criado pelo usuário,brennacarlagvn@mppa.mp.br,16,5 de out. de 2026
T_25f9b9a0-5358-17cf-b7e9-5798ae5fa338,PA 2 — Andamento,Agente criado pelo usuário,eliseuom@mppa.mp.br,73,5 de out. de 2026
T_a8e16cb9-7fff-1725-8010-009f662f29eb,NF 1 - Análise Inicial,Agente criado pelo usuário,eliseuom@mppa.mp.br,33,5 de out. de 2026
T_cd82dddc-c7d6-d445-99ce-b42626c8b2aa,PA 3 — Finalização,Agente criado pelo usuário,eliseuom@mppa.mp.br,4,5 de out. de 2026
T_ee462366-8671-8827-997b-f5f87f5910f1,NF 3 – Finalização,Agente criado pelo usuário,eliseuom@mppa.mp.br,24,5 de out. de 2026
T_19f44508-0f59-1cc2-c106-1cd64603500c,FIRAC+ Análise Jurídica,Agente criado pelo usuário,daianaraquelsouza@mppa.mp.br,131,5 de out. de 2026
T_a02ad702-f8ba-7f49-7349-2b8e69cdf30c,CPat. Denúncia,Agente criado pelo usuário,annabarroso@mppa.mp.br,71,5 de out. de 2026
T_8a43a747-d1ad-c047-166c-874909b1e75c,Administrativo MP,Agente criado pelo usuário,thaynarasantiago@mppa.mp.br,43,5 de out. de 2026
T_73d7a1ae-f69a-3d87-2c70-6ac2165d7799,Correção de textos,Agente criado pelo usuário,brunocsantos@mppa.mp.br,71,5 de out. de 2026
T_95f394c3-9847-0605-18df-41d7866e6203,Geração de Ofícios MPPA,Agente criado pelo usuário,brunocsantos@mppa.mp.br,71,5 de out. de 2026
T_95f394c3-9847-0605-18df-41d7866e6203,Geração de Ofícios MPPA,Agente criado pelo usuário,silvaneves@mppa.mp.br,27,5 de out. de 2026
T_0b650226-5d14-8ed5-2649-270ee80a6f9c,Redator de Ofícios,Agente criado pelo usuário,andreymatos@mppa.mp.br,37,5 de out. de 2026
T_1ba526eb-3be7-15d2-1b64-7bb7d5302cfb,Certidão de Ofícios,Agente criado pelo usuário,andreymatos@mppa.mp.br,10,5 de out. de 2026
T_5ca15829-6830-98b2-aef0-67b995cfe7f1,PA 3 — Finalização,Agente criado pelo usuário,thiagomonteiro@mppa.mp.br,8,5 de out. de 2026
T_8a43a747-d1ad-c047-166c-874909b1e75c,Administrativo MP,Agente criado pelo usuário,alecxandro@mppa.mp.br,98,5 de out. de 2026
T_73d7a1ae-f69a-3d87-2c70-6ac2165d7799,Correção de textos,Agente criado pelo usuário,amadeuvidonho@mppa.mp.br,4,5 de out. de 2026
T_a02ad702-f8ba-7f49-7349-2b8e69cdf30c,CPat. Denúncia,Agente criado pelo usuário,gustavobrito@mppa.mp.br,9,5 de out. de 2026
T_8a43a747-d1ad-c047-166c-874909b1e75c,Administrativo MP,Agente criado pelo usuário,luciapimenta@mppa.mp.br,31,5 de out. de 2026
T_c94fc155-ea04-9afa-d8d1-d3e7dee8bc15,PA 2 — Andamento,Agente criado pelo usuário,deysecereja@mppa.mp.br,39,5 de out. de 2026
T_3dd17ca1-e85e-8163-a06f-0276fe702647,Análise_Textos extrajudicial,Agente criado pelo usuário,brendabezerra@mppa.mp.br,294,5 de out. de 2026
T_98aec835-7475-deda-4edf-db94981b3b5a,Análise de Laudos Periciais,Agente criado pelo usuário,gisellysantos@mppa.mp.br,17,5 de out. de 2026
T_5a51fba3-ddf1-264d-0da5-d71bfe6c83ba,FIRAC+ 2° Grau,Agente criado pelo usuário,anagodinho@mppa.mp.br,6,5 de out. de 2026
T_f39620ee-4777-ad03-b2a8-4a60ca979a7d,Controle Extrajudicial,Agente criado pelo usuário,rhannaeliziario@mppa.mp.br,215,5 de out. de 2026
T_396dbb4c-25d0-5607-eaa5-dc1690066636,Pat. Red Flags 03-ACP,Agente criado pelo usuário,formigosacauet@mppa.mp.br,7,5 de out. de 2026
T_18a9f955-e7ec-d35a-1d2f-1993e37ce8f7,CPat. Alegações Finais MP,Agente criado pelo usuário,anabeatrizpereira@mppa.mp.br,29,5 de out. de 2026
T_19f44508-0f59-1cc2-c106-1cd64603500c,FIRAC+ Análise Jurídica,Agente criado pelo usuário,anabeatrizpereira@mppa.mp.br,14,5 de out. de 2026
T_210c8c69-558f-0207-263e-22f55dc91028,CPat. Arquivamento,Agente criado pelo usuário,anabeatrizpereira@mppa.mp.br,14,5 de out. de 2026
T_a02ad702-f8ba-7f49-7349-2b8e69cdf30c,CPat. Denúncia,Agente criado pelo usuário,anabeatrizpereira@mppa.mp.br,49,5 de out. de 2026
T_95f394c3-9847-0605-18df-41d7866e6203,Geração de Ofícios MPPA,Agente criado pelo usuário,hajrsoares@mppa.mp.br,8,5 de out. de 2026
T_00ccccd8-c3ba-fd0a-3cdb-85f39a54a8c7,Cabe ANPP?,Agente criado pelo usuário,arthursena@mppa.mp.br,5,5 de out. de 2026
T_e8d3cca7-736f-a8ad-03ae-8c1c34ba1ab8,Perguntas em AIJ Cível,Agente criado pelo usuário,sauvelinawaru@mppa.mp.br,3,5 de out. de 2026
T_175e1b4d-4645-27a3-cece-17dc1cb01612,Extrajudicial MP,Agente criado pelo usuário,petronioleaojr@mppa.mp.br,76,5 de out. de 2026
T_95f394c3-9847-0605-18df-41d7866e6203,Geração de Ofícios MPPA,Agente criado pelo usuário,geovannaalencar@mppa.mp.br,67,5 de out. de 2026
T_0eac48a9-e58f-4c84-baee-1bb7de7f11f7,Revisor - Português Formal,Agente criado pelo usuário,camilapantoja@mppa.mp.br,128,5 de out. de 2026
T_7da11890-bde3-7b0f-e456-4bcac0f238c0,Escrivão Ministerial,Agente criado pelo usuário,camilapantoja@mppa.mp.br,116,5 de out. de 2026
T_c91d2841-e612-8fc2-ee3a-b63022f7265f,Ofícios,Agente criado pelo usuário,camilapantoja@mppa.mp.br,139,5 de out. de 2026
T_95f394c3-9847-0605-18df-41d7866e6203,Geração de Ofícios MPPA,Agente criado pelo usuário,luciogomes@mppa.mp.br,38,5 de out. de 2026
T_8a43a747-d1ad-c047-166c-874909b1e75c,Administrativo MP,Agente criado pelo usuário,guilhermeramos@mppa.mp.br,83,5 de out. de 2026
T_90d15e4e-c981-2408-1951-bf55b7746a26,CPat. Analista de Investigação,Agente criado pelo usuário,catharinavacher@mppa.mp.br,1,5 de out. de 2026
T_95f394c3-9847-0605-18df-41d7866e6203,Geração de Ofícios MPPA,Agente criado pelo usuário,pedroaraujo@mppa.mp.br,47,5 de out. de 2026
T_73d7a1ae-f69a-3d87-2c70-6ac2165d7799,Correção de textos,Agente criado pelo usuário,thaisacardoso@mppa.mp.br,23,5 de out. de 2026
T_d79ed57e-ae81-6999-7a06-aba89414fff7,Revisor de Peças MP,Agente criado pelo usuário,thaisacardoso@mppa.mp.br,34,5 de out. de 2026
T_73d7a1ae-f69a-3d87-2c70-6ac2165d7799,Correção de textos,Agente criado pelo usuário,wallacefelipe@mppa.mp.br,30,5 de out. de 2026
T_c7904fff-cbbd-c864-6862-da0425cdad50,Promotor Jurídico Sênior,Agente criado pelo usuário,ricardocastro@mppa.mp.br,57,5 de out. de 2026
T_45be468c-a91d-0831-a908-512fbb2a1187,Correção de texto judicial,Agente criado pelo usuário,saulothacio@mppa.mp.br,1.092,5 de out. de 2026
T_9ccb7ece-dbaf-d909-358f-b4947805a2ea,Promotor Jurídico Sênior,Agente criado pelo usuário,rogerioportela@mppa.mp.br,70,5 de out. de 2026
T_632005cf-23ef-f061-9775-62bbf725b155,IC 2 – Andamento,Agente criado pelo usuário,mariamagno@mppa.mp.br,11,5 de out. de 2026
T_c94fc155-ea04-9afa-d8d1-d3e7dee8bc15,PA 2 — Andamento,Agente criado pelo usuário,mariamagno@mppa.mp.br,6,5 de out. de 2026
T_6d0524f7-8f11-0858-566e-5546007aaedb,Tráfico Analista Investigação,Agente criado pelo usuário,thiagosanandres@mppa.mp.br,14,4 de out. de 2026
T_19f44508-0f59-1cc2-c106-1cd64603500c,FIRAC+ Análise Jurídica,Agente criado pelo usuário,erikamenezes@mppa.mp.br,14,4 de out. de 2026
T_83f5dbdc-cb00-fce9-3783-4918f9bb8bef,Prof aprofundar pdf,Agente criado pelo usuário,andresc@mppa.mp.br,18,4 de out. de 2026
T_41ed3d60-5501-e1cc-b87b-94d9ff71967c,Júri Revogação de Prisão,Agente criado pelo usuário,emerio@mppa.mp.br,34,4 de out. de 2026
T_8a43a747-d1ad-c047-166c-874909b1e75c,Administrativo MP,Agente criado pelo usuário,islanmello@mppa.mp.br,26,4 de out. de 2026
T_d5547dd2-aacd-c0f8-b004-7d82e5346a24,Fiscal_Contratos,Agente criado pelo usuário,emersongomes@mppa.mp.br,1,4 de out. de 2026
T_90d15e4e-c981-2408-1951-bf55b7746a26,CPat. Analista de Investigação,Agente criado pelo usuário,valeriaasilva@mppa.mp.br,4,4 de out. de 2026
T_95f394c3-9847-0605-18df-41d7866e6203,Geração de Ofícios MPPA,Agente criado pelo usuário,andersonluiz@mppa.mp.br,18,4 de out. de 2026
T_be36d896-5b98-aa29-8096-cf42f7b659b7,Certidões diversas,Agente criado pelo usuário,andersonluiz@mppa.mp.br,12,4 de out. de 2026
T_be1694b7-0a9c-fab3-7b48-d580c7b8df27,Elaboração de expedientes 1 PJ,Agente criado pelo usuário,edijonecastro@mppa.mp.br,15,4 de out. de 2026
T_85176df4-ccbc-c916-e1a1-1b7bdb1b0119,Despachos,Agente criado pelo usuário,matheusdasilva@mppa.mp.br,128,4 de out. de 2026
T_8a43a747-d1ad-c047-166c-874909b1e75c,Administrativo MP,Agente criado pelo usuário,matheusdasilva@mppa.mp.br,88,4 de out. de 2026
T_bcbd527d-4840-2486-819b-c9389cf69186,Detector de Vícios IA,Agente criado pelo usuário,matheusdasilva@mppa.mp.br,21,4 de out. de 2026
T_c91d2841-e612-8fc2-ee3a-b63022f7265f,Ofícios,Agente criado pelo usuário,matheusdasilva@mppa.mp.br,16,4 de out. de 2026
T_5584f84a-b60e-c8c7-f447-f58f65d16267,Extrajudicial Teste prompt MP,Agente criado pelo usuário,njpozorio@mppa.mp.br,13,4 de out. de 2026
T_18a9f955-e7ec-d35a-1d2f-1993e37ce8f7,CPat. Alegações Finais MP,Agente criado pelo usuário,sidenircosta@mppa.mp.br,17,4 de out. de 2026
T_272592e7-d282-e3e7-6d9b-0aebeb75b4ab,Auxiliar extrajudicial,Agente criado pelo usuário,hajrsoares@mppa.mp.br,11,4 de out. de 2026
T_73d7a1ae-f69a-3d87-2c70-6ac2165d7799,Correção de textos,Agente criado pelo usuário,hajrsoares@mppa.mp.br,36,4 de out. de 2026
T_797ea83b-9b9d-ad19-b966-8526ec4dd500,IC 1 — Instauração,Agente criado pelo usuário,gabriellaandrade@mppa.mp.br,15,4 de out. de 2026
T_73d7a1ae-f69a-3d87-2c70-6ac2165d7799,Correção de textos,Agente criado pelo usuário,thayanne@mppa.mp.br,14,3 de out. de 2026
T_73d7a1ae-f69a-3d87-2c70-6ac2165d7799,Correção de textos,Agente criado pelo usuário,glaucia@mppa.mp.br,120,3 de out. de 2026
T_0970dcf6-22d2-398e-9f08-62dde6b68429,NF 1 - Análise Inicial,Agente criado pelo usuário,thiagosanandres@mppa.mp.br,17,3 de out. de 2026
T_e5424285-93b6-ab0c-3bec-e922acc1633a,Júri Diligências Iniciais,Agente criado pelo usuário,thiagosanandres@mppa.mp.br,9,3 de out. de 2026
T_6a2302d6-c7ae-82cd-5f19-617c070d9a98,RECUPERAÇÃO JUDICIAL,Agente criado pelo usuário,niellyromeiro@mppa.mp.br,21,3 de out. de 2026
T_28fa53ca-d7a1-91af-a895-398278275337,ANOMIZAÇÃO,Agente criado pelo usuário,glfilho@mppa.mp.br,108,3 de out. de 2026
T_26e14a74-85bb-63ee-b586-7ddbae91cc3c,Cartões professor,Agente criado pelo usuário,andresc@mppa.mp.br,1,3 de out. de 2026
T_31065d81-f2a1-b716-1b5d-b36f1331ae94,Prof correção completa,Agente criado pelo usuário,andresc@mppa.mp.br,28,3 de out. de 2026
T_b9f744b6-8096-8972-5cbf-05a9eae037e0,Prof foco correta,Agente criado pelo usuário,andresc@mppa.mp.br,20,3 de out. de 2026
T_0ba501dd-96cb-3e27-9af5-2e92236b744d,Júri Analista de Investigação,Agente criado pelo usuário,dirkmattos@mppa.mp.br,37,3 de out. de 2026
T_19f44508-0f59-1cc2-c106-1cd64603500c,FIRAC+ Análise Jurídica,Agente criado pelo usuário,emerio@mppa.mp.br,37,3 de out. de 2026
T_16d4e10b-c6e4-c443-e6fc-5fa8ae00d751,EMENTARIUS,Agente criado pelo usuário,barbaracunha@mppa.mp.br,5,3 de out. de 2026
T_6dbc10aa-b93f-0f5c-bea0-537c0adea082,ATRIBUTOR,Agente criado pelo usuário,barbaracunha@mppa.mp.br,23,3 de out. de 2026
T_19f44508-0f59-1cc2-c106-1cd64603500c,FIRAC+ Análise Jurídica,Agente criado pelo usuário,gabrielamachado@mppa.mp.br,51,3 de out. de 2026
T_28c732f3-d6fd-16ba-9725-b95a8f687b6f,Engenheiro de Prompts,Agente criado pelo usuário,fjaelder@mppa.mp.br,4,3 de out. de 2026
T_f1790e31-e35f-cbba-cb43-87292fc4c3a3,Despachos MPPA,Agente criado pelo usuário,andreymatos@mppa.mp.br,45,3 de out. de 2026
T_19f44508-0f59-1cc2-c106-1cd64603500c,FIRAC+ Análise Jurídica,Agente criado pelo usuário,sidenircosta@mppa.mp.br,1,3 de out. de 2026
T_a02ad702-f8ba-7f49-7349-2b8e69cdf30c,CPat. Denúncia,Agente criado pelo usuário,sidenircosta@mppa.mp.br,15,3 de out. de 2026
T_cff8d536-0f11-04ff-53bc-7ce3b7e03e70,Mapas mentais de estudo,Agente criado pelo usuário,rayannessilva@mppa.mp.br,5,3 de out. de 2026
T_bfe87d8e-95e2-bf66-2732-97532ae90c28,Pat. NF Improbidade,Agente criado pelo usuário,gabriellaandrade@mppa.mp.br,2,3 de out. de 2026
T_8a43a747-d1ad-c047-166c-874909b1e75c,Administrativo MP,Agente criado pelo usuário,carloshenrique@mppa.mp.br,2,2 de out. de 2026
T_0f174865-005b-9ea3-5d89-6dd8cab72a71,Pat. Festas 01-Análise,Agente criado pelo usuário,mmurrieta@mppa.mp.br,14,2 de out. de 2026
T_73d7a1ae-f69a-3d87-2c70-6ac2165d7799,Correção de textos,Agente criado pelo usuário,rosanaantunes@mppa.mp.br,33,2 de out. de 2026
T_8a43a747-d1ad-c047-166c-874909b1e75c,Administrativo MP,Agente criado pelo usuário,sjpinheiro@mppa.mp.br,47,2 de out. de 2026
T_0ba501dd-96cb-3e27-9af5-2e92236b744d,Júri Analista de Investigação,Agente criado pelo usuário,glfilho@mppa.mp.br,2,2 de out. de 2026
T_3624fc90-f3ff-3655-7703-f12ea6c38d62,Júri Denúncia ,Agente criado pelo usuário,glfilho@mppa.mp.br,40,2 de out. de 2026
T_ae7682c0-5cf7-79e9-31d9-a4636fd37041,Suprimento e Atesto de Notas,Agente criado pelo usuário,esarmento@mppa.mp.br,8,2 de out. de 2026
T_8a43a747-d1ad-c047-166c-874909b1e75c,Administrativo MP,Agente criado pelo usuário,arayol@mppa.mp.br,52,2 de out. de 2026
T_f3bfe344-c219-aeba-8af7-d474e1ede751,Matriz de Competências,Agente criado pelo usuário,ramoura@mppa.mp.br,47,2 de out. de 2026
T_41ed3d60-5501-e1cc-b87b-94d9ff71967c,Júri Revogação de Prisão,Agente criado pelo usuário,reginaldo@mppa.mp.br,1,2 de out. de 2026
T_6d0524f7-8f11-0858-566e-5546007aaedb,Tráfico Analista Investigação,Agente criado pelo usuário,luissilva@mppa.mp.br,38,2 de out. de 2026
T_f32b6bdc-7d1d-bf57-3467-fbebbc622ae3,Gerador de Transcrições,Agente criado pelo usuário,michelborges@mppa.mp.br,21,2 de out. de 2026
T_aa4ac1a1-7eee-b2d5-1459-16fa353d4583,IA - TUDO SOBRE,Agente criado pelo usuário,msfilho@mppa.mp.br,12,2 de out. de 2026
T_73d7a1ae-f69a-3d87-2c70-6ac2165d7799,Correção de textos,Agente criado pelo usuário,jgama@mppa.mp.br,1,2 de out. de 2026
P_552e6eda-fc18-7fb9-0ef6-1bf2de3393e4,Researcher,Agente criado pela Microsoft,andreoliveira@mppa.mp.br,17,2 de out. de 2026
T_af6464d2-f3c6-eef5-bc28-0eb14fb0269a,ELABORAR RECOMENDAÇÃO,Agente criado pelo usuário,camilasamartins@mppa.mp.br,1,2 de out. de 2026
T_b609d4b9-8516-7b12-2384-444431344041,GERADOR DE OFÍCIOS EXTRAJUDICI,Agente criado pelo usuário,msousa@mppa.mp.br,47,2 de out. de 2026
T_68431b2a-4bde-fe64-19fa-17bb2df32c4b,ATENDIMENTO,Agente criado pelo usuário,ftavares@mppa.mp.br,51,2 de out. de 2026
T_f94be199-2113-96c7-f4f7-f2be493745d6,Direito da Saúde,Agente criado pelo usuário,ftavares@mppa.mp.br,19,2 de out. de 2026
T_e5406742-d292-f217-f4e0-cabd3c6b10f9,Perguntas em Escuta de Menores,Agente criado pelo usuário,suldblanogomes@mppa.mp.br,9,2 de out. de 2026
T_3dd17ca1-e85e-8163-a06f-0276fe702647,Análise_Textos extrajudicial,Agente criado pelo usuário,claudiocordeiro@mppa.mp.br,89,2 de out. de 2026
T_18a9f955-e7ec-d35a-1d2f-1993e37ce8f7,CPat. Alegações Finais MP,Agente criado pelo usuário,eliseuom@mppa.mp.br,3,2 de out. de 2026
T_4142f79a-94bf-48ce-3393-ea0b9cb5c115,Alegações Finais - Viol. Dom.,Agente criado pelo usuário,eliseuom@mppa.mp.br,6,2 de out. de 2026
T_19f44508-0f59-1cc2-c106-1cd64603500c,FIRAC+ Análise Jurídica,Agente criado pelo usuário,annabarroso@mppa.mp.br,289,2 de out. de 2026
T_428c5d3b-93a9-f1eb-1f1b-5d5531d9a362,Tráfico Denúncia,Agente criado pelo usuário,annabarroso@mppa.mp.br,45,2 de out. de 2026
T_73d7a1ae-f69a-3d87-2c70-6ac2165d7799,Correção de textos,Agente criado pelo usuário,annabarroso@mppa.mp.br,56,2 de out. de 2026
T_5a51fba3-ddf1-264d-0da5-d71bfe6c83ba,FIRAC+ 2° Grau,Agente criado pelo usuário,andrezal@mppa.mp.br,61,2 de out. de 2026
T_bcbd527d-4840-2486-819b-c9389cf69186,Detector de Vícios IA,Agente criado pelo usuário,brunocsantos@mppa.mp.br,4,2 de out. de 2026
T_8a43a747-d1ad-c047-166c-874909b1e75c,Administrativo MP,Agente criado pelo usuário,ronaldopepe@mppa.mp.br,35,2 de out. de 2026
T_632005cf-23ef-f061-9775-62bbf725b155,IC 2 – Andamento,Agente criado pelo usuário,thiagomonteiro@mppa.mp.br,2,2 de out. de 2026
T_73d7a1ae-f69a-3d87-2c70-6ac2165d7799,Correção de textos,Agente criado pelo usuário,rayannepalheta@mppa.mp.br,51,2 de out. de 2026
T_5ca15829-6830-98b2-aef0-67b995cfe7f1,PA 3 — Finalização,Agente criado pelo usuário,beneditonascimento@mppa.mp.br,4,2 de out. de 2026
T_80aad886-12da-5f35-dc19-3937f5543fa3,IC 3 – FINALIZAÇÃO,Agente criado pelo usuário,beneditonascimento@mppa.mp.br,33,2 de out. de 2026
T_2897df63-1442-5ffd-8590-2bed980d2945,IC 4 — Planej Investigação,Agente criado pelo usuário,viniciusalvarenga@mppa.mp.br,32,2 de out. de 2026
T_c9b103a4-9829-a8dd-55c2-69cdd2b86ef2,AVIS,Agente criado pelo usuário,amadeuvidonho@mppa.mp.br,69,2 de out. de 2026
T_250ab4c7-fc9e-bf68-f803-f8c3204d169d,GERAL - MINUTAS,Agente criado pelo usuário,andreguimaraes@mppa.mp.br,12,2 de out. de 2026
T_632005cf-23ef-f061-9775-62bbf725b155,IC 2 – Andamento,Agente criado pelo usuário,felipegoncalves@mppa.mp.br,9,2 de out. de 2026
T_0970dcf6-22d2-398e-9f08-62dde6b68429,NF 1 - Análise Inicial,Agente criado pelo usuário,mayarapombo@mppa.mp.br,38,2 de out. de 2026
T_19f44508-0f59-1cc2-c106-1cd64603500c,FIRAC+ Análise Jurídica,Agente criado pelo usuário,victoriacorrea@mppa.mp.br,96,2 de out. de 2026
P_9946b656-2c96-e9fa-4ce4-8ad96c5b789b,Jurisprudência GPT,Agente criado por Terceiros,mirandapimentel@mppa.mp.br,2,2 de out. de 2026
T_95f394c3-9847-0605-18df-41d7866e6203,Geração de Ofícios MPPA,Agente criado pelo usuário,mirandapimentel@mppa.mp.br,10,2 de out. de 2026
T_a693cb65-12f0-8a60-1bb5-e0b431ed4066,Júri Cross Examination,Agente criado pelo usuário,larissaportugal@mppa.mp.br,39,2 de out. de 2026
T_19f44508-0f59-1cc2-c106-1cd64603500c,FIRAC+ Análise Jurídica,Agente criado pelo usuário,manuellaazevedo@mppa.mp.br,219,2 de out. de 2026
T_19f44508-0f59-1cc2-c106-1cd64603500c,FIRAC+ Análise Jurídica,Agente criado pelo usuário,anagodinho@mppa.mp.br,49,2 de out. de 2026
T_19f44508-0f59-1cc2-c106-1cd64603500c,FIRAC+ Análise Jurídica,Agente criado pelo usuário,rhannaeliziario@mppa.mp.br,28,2 de out. de 2026
T_1be62fa2-db75-630c-da0f-6ac3b1048f66,Júri Arquivamento Homicídio,Agente criado pelo usuário,alexmiranda@mppa.mp.br,1,2 de out. de 2026
T_0560b026-a088-990b-bce6-5274168dd83f,PromotorIA 10,Agente criado pelo usuário,kaykyoliveira@mppa.mp.br,23,2 de out. de 2026
T_8a86a0bd-9f46-9a46-db40-88651bb59eac,CPat. Revogação de Prisão,Agente criado pelo usuário,anabeatrizpereira@mppa.mp.br,5,2 de out. de 2026
T_fa07fbe4-e89f-c151-b6dc-4a3125e1ac0d,Gerador de minutas ,Agente criado pelo usuário,hajrsoares@mppa.mp.br,32,2 de out. de 2026
T_527a8ff9-42ab-7be3-1b51-59b9e59f8292,Extrajudiciais,Agente criado pelo usuário,paulabarros@mppa.mp.br,180,2 de out. de 2026
T_aadc777b-1ffa-5c0a-2b75-b5fab7ed072b,Ofício MRPR,Agente criado pelo usuário,joaoaires@mppa.mp.br,22,2 de out. de 2026
T_73d7a1ae-f69a-3d87-2c70-6ac2165d7799,Correção de textos,Agente criado pelo usuário,jeffersonrodrigues@mppa.mp.br,43,2 de out. de 2026
T_98aec835-7475-deda-4edf-db94981b3b5a,Análise de Laudos Periciais,Agente criado pelo usuário,sauvelinawaru@mppa.mp.br,54,2 de out. de 2026
T_632005cf-23ef-f061-9775-62bbf725b155,IC 2 – Andamento,Agente criado pelo usuário,rayanemarinho@mppa.mp.br,1,2 de out. de 2026
T_95f394c3-9847-0605-18df-41d7866e6203,Geração de Ofícios MPPA,Agente criado pelo usuário,davidneves@mppa.mp.br,6,2 de out. de 2026
T_5a51fba3-ddf1-264d-0da5-d71bfe6c83ba,FIRAC+ 2° Grau,Agente criado pelo usuário,milenavieira@mppa.mp.br,4,2 de out. de 2026
T_d73254b8-96ef-4581-9dea-b3b2a49bebd7,NF 2 – Andamento,Agente criado pelo usuário,wallacefelipe@mppa.mp.br,17,2 de out. de 2026
T_d73254b8-96ef-4581-9dea-b3b2a49bebd7,NF 2 – Andamento,Agente criado pelo usuário,ruanacosta@mppa.mp.br,24,2 de out. de 2026
T_3e1d5544-48f8-0416-7863-7e1c03f052ad,Pat. ANPC 01-Viabilidade,Agente criado pelo usuário,lillieanyaraujo@mppa.mp.br,7,2 de out. de 2026
T_eb41de79-1138-85bb-2ea4-d9c09dd89203,Portaria Agrária MPPA,Agente criado pelo usuário,thayanne@mppa.mp.br,6,1 de out. de 2026
T_732b9f4a-5185-b8ce-aa53-b917e33e0966,Direito da Saúde e Assistência,Agente criado pelo usuário,evandro@mppa.mp.br,4,1 de out. de 2026
T_e8d3cca7-736f-a8ad-03ae-8c1c34ba1ab8,Perguntas em AIJ Cível,Agente criado pelo usuário,fredfreire@mppa.mp.br,4,1 de out. de 2026
T_19f44508-0f59-1cc2-c106-1cd64603500c,FIRAC+ Análise Jurídica,Agente criado pelo usuário,pbezerra@mppa.mp.br,7,1 de out. de 2026
T_73d7a1ae-f69a-3d87-2c70-6ac2165d7799,Correção de textos,Agente criado pelo usuário,danielleoliveira@mppa.mp.br,3,1 de out. de 2026
T_8a43a747-d1ad-c047-166c-874909b1e75c,Administrativo MP,Agente criado pelo usuário,nayaranegrao@mppa.mp.br,30,1 de out. de 2026
T_5a51fba3-ddf1-264d-0da5-d71bfe6c83ba,FIRAC+ 2° Grau,Agente criado pelo usuário,rsampaio@mppa.mp.br,4,1 de out. de 2026
T_18a9f955-e7ec-d35a-1d2f-1993e37ce8f7,CPat. Alegações Finais MP,Agente criado pelo usuário,joanalima@mppa.mp.br,2,1 de out. de 2026
T_a2acaa0f-b41c-a57f-806c-b865b4b5eb75,Tráfico Diligências,Agente criado pelo usuário,joanalima@mppa.mp.br,2,1 de out. de 2026
T_d09455be-7b62-2cf8-2718-065859344f36,Tráfico Alegações Finais MP,Agente criado pelo usuário,joanalima@mppa.mp.br,2,1 de out. de 2026
T_19f44508-0f59-1cc2-c106-1cd64603500c,FIRAC+ Análise Jurídica,Agente criado pelo usuário,dirkmattos@mppa.mp.br,66,1 de out. de 2026
T_8a43a747-d1ad-c047-166c-874909b1e75c,Administrativo MP,Agente criado pelo usuário,mpsantaluziadopara@mppa.mp.br,45,1 de out. de 2026
T_313e83a2-d3ed-bbd3-4a34-486eb86722a2,Assistente Administrativo ,Agente criado pelo usuário,rener@mppa.mp.br,12,1 de out. de 2026
T_73d7a1ae-f69a-3d87-2c70-6ac2165d7799,Correção de textos,Agente criado pelo usuário,rener@mppa.mp.br,4,1 de out. de 2026
T_49fe6386-0745-fc9d-924a-c22cd9165c0f,CPat. Cross Examination,Agente criado pelo usuário,rmarques@mppa.mp.br,2,1 de out. de 2026
T_b1a922c1-237d-b9ae-b065-f312589dbf18,Assessor Eleitoral PJ Σ,Agente criado pelo usuário,rmarques@mppa.mp.br,5,1 de out. de 2026
T_d8817897-0abf-22e3-f269-ddd4c1e3ce6e,Tráfico Cross Examination ,Agente criado pelo usuário,rmarques@mppa.mp.br,7,1 de out. de 2026
T_0ba501dd-96cb-3e27-9af5-2e92236b744d,Júri Analista de Investigação,Agente criado pelo usuário,reginaldo@mppa.mp.br,10,1 de out. de 2026
P_9946b656-2c96-e9fa-4ce4-8ad96c5b789b,Jurisprudência GPT,Agente criado por Terceiros,luissilva@mppa.mp.br,39,1 de out. de 2026
T_8a43a747-d1ad-c047-166c-874909b1e75c,Administrativo MP,Agente criado pelo usuário,amandaliberal@mppa.mp.br,32,1 de out. de 2026
T_201a806a-cbc8-9f5c-e0c2-2a98a6a8f0a9,Técnico Ministerial MPPA,Agente criado pelo usuário,larissas@mppa.mp.br,99,1 de out. de 2026
T_4ddff9e5-196c-0c31-e39b-8cb62d94c303,Assistente de Resenhas,Agente criado pelo usuário,sandrosouza@mppa.mp.br,11,1 de out. de 2026
T_a13b58b8-37c3-bbed-9a54-d27cc1aa85db,Elaborar Denuncia,Agente criado pelo usuário,sandrosouza@mppa.mp.br,18,1 de out. de 2026
T_a02ad702-f8ba-7f49-7349-2b8e69cdf30c,CPat. Denúncia,Agente criado pelo usuário,camilacruz@mppa.mp.br,5,1 de out. de 2026
T_0970dcf6-22d2-398e-9f08-62dde6b68429,NF 1 - Análise Inicial,Agente criado pelo usuário,camilasamartins@mppa.mp.br,11,1 de out. de 2026
T_797ea83b-9b9d-ad19-b966-8526ec4dd500,IC 1 — Instauração,Agente criado pelo usuário,camilasamartins@mppa.mp.br,3,1 de out. de 2026
T_95f394c3-9847-0605-18df-41d7866e6203,Geração de Ofícios MPPA,Agente criado pelo usuário,camilasamartins@mppa.mp.br,5,1 de out. de 2026
T_8a43a747-d1ad-c047-166c-874909b1e75c,Administrativo MP,Agente criado pelo usuário,danielesaraiva@mppa.mp.br,36,1 de out. de 2026
T_396dbb4c-25d0-5607-eaa5-dc1690066636,Pat. Red Flags 03-ACP,Agente criado pelo usuário,aldabeatriz@mppa.mp.br,11,1 de out. de 2026
T_4a448718-3fa2-6940-7519-1387bea6bcf8,Perguntas em AIJ Crim 02,Agente criado pelo usuário,rodrigovasconcelos@mppa.mp.br,9,1 de out. de 2026
T_95f394c3-9847-0605-18df-41d7866e6203,Geração de Ofícios MPPA,Agente criado pelo usuário,nelane@mppa.mp.br,4,1 de out. de 2026
T_6934ea2e-0435-f4e7-e427-41b9ff3bcc3f,Contrarrazões de Apelação Crim,Agente criado pelo usuário,eliseuom@mppa.mp.br,18,1 de out. de 2026
T_8a86a0bd-9f46-9a46-db40-88651bb59eac,CPat. Revogação de Prisão,Agente criado pelo usuário,eliseuom@mppa.mp.br,3,1 de out. de 2026
T_bcdc2fa9-0eb3-4225-a08a-9bcd89f15626,NF 2 – Andamento,Agente criado pelo usuário,eliseuom@mppa.mp.br,21,1 de out. de 2026
T_8a43a747-d1ad-c047-166c-874909b1e75c,Administrativo MP,Agente criado pelo usuário,daianaraquelsouza@mppa.mp.br,46,1 de out. de 2026
T_a02ad702-f8ba-7f49-7349-2b8e69cdf30c,CPat. Denúncia,Agente criado pelo usuário,daianaraquelsouza@mppa.mp.br,75,1 de out. de 2026
T_ae8c49b3-2502-9d44-c65b-f8b8effc3e0a,Analista Jurídico FIRAC+,Agente criado pelo usuário,daianaraquelsouza@mppa.mp.br,72,1 de out. de 2026
T_a2acaa0f-b41c-a57f-806c-b865b4b5eb75,Tráfico Diligências,Agente criado pelo usuário,valeriaasilva@mppa.mp.br,1,1 de out. de 2026
T_00ccccd8-c3ba-fd0a-3cdb-85f39a54a8c7,Cabe ANPP?,Agente criado pelo usuário,annabarroso@mppa.mp.br,24,1 de out. de 2026
T_1be62fa2-db75-630c-da0f-6ac3b1048f66,Júri Arquivamento Homicídio,Agente criado pelo usuário,annabarroso@mppa.mp.br,10,1 de out. de 2026
T_e5424285-93b6-ab0c-3bec-e922acc1633a,Júri Diligências Iniciais,Agente criado pelo usuário,annabarroso@mppa.mp.br,21,1 de out. de 2026
T_7f6da1fb-3198-1075-e4a4-2e61b9fd0a5a,Júri Roteiro,Agente criado pelo usuário,kellysantana@mppa.mp.br,6,1 de out. de 2026
T_73d7a1ae-f69a-3d87-2c70-6ac2165d7799,Correção de textos,Agente criado pelo usuário,giovannaferreira@mppa.mp.br,13,1 de out. de 2026
T_a9d6285a-396c-8c70-dc67-d7575e82a7c2,Redator de Atas MP,Agente criado pelo usuário,andersonluiz@mppa.mp.br,2,1 de out. de 2026
P_f0ff38f1-4d81-a9b7-dbf1-b161328daa1f,Prompt Coach,Agente criado pela Microsoft,andreymatos@mppa.mp.br,3,1 de out. de 2026
T_73d7a1ae-f69a-3d87-2c70-6ac2165d7799,Correção de textos,Agente criado pelo usuário,andreymatos@mppa.mp.br,21,1 de out. de 2026
T_0970dcf6-22d2-398e-9f08-62dde6b68429,NF 1 - Análise Inicial,Agente criado pelo usuário,matheusdasilva@mppa.mp.br,8,1 de out. de 2026
T_7da11890-bde3-7b0f-e456-4bcac0f238c0,Escrivão Ministerial,Agente criado pelo usuário,matheusdasilva@mppa.mp.br,13,1 de out. de 2026
P_95ececa2-8770-8e92-fd40-8983e3c2adab,Adobe Acrobat,Agente criado por Terceiros,pauloedilson@mppa.mp.br,1,1 de out. de 2026
T_0970dcf6-22d2-398e-9f08-62dde6b68429,NF 1 - Análise Inicial,Agente criado pelo usuário,beneditonascimento@mppa.mp.br,8,1 de out. de 2026
T_18a9f955-e7ec-d35a-1d2f-1993e37ce8f7,CPat. Alegações Finais MP,Agente criado pelo usuário,3pjcrim@mppa.mp.br,147,1 de out. de 2026
T_19f44508-0f59-1cc2-c106-1cd64603500c,FIRAC+ Análise Jurídica,Agente criado pelo usuário,erickmarinho@mppa.mp.br,54,1 de out. de 2026
T_ede4e1ba-cbca-5fa4-7793-3576978073a8,PP 4 — Planej Investigação,Agente criado pelo usuário,felipegoncalves@mppa.mp.br,4,1 de out. de 2026
T_bfe87d8e-95e2-bf66-2732-97532ae90c28,Pat. NF Improbidade,Agente criado pelo usuário,mayarapombo@mppa.mp.br,60,1 de out. de 2026
T_a9ed52e3-fac8-79f7-ce8b-30e074dea8a2,NF 3 – Finalização,Agente criado pelo usuário,victoriacorrea@mppa.mp.br,21,1 de out. de 2026
T_d73254b8-96ef-4581-9dea-b3b2a49bebd7,NF 2 – Andamento,Agente criado pelo usuário,victoriacorrea@mppa.mp.br,11,1 de out. de 2026
T_daca838b-e5fa-b3bc-602f-52c4f31c745d,Elaboração de Ofício,Agente criado pelo usuário,fabiotrindade@mppa.mp.br,3,1 de out. de 2026
T_d73254b8-96ef-4581-9dea-b3b2a49bebd7,NF 2 – Andamento,Agente criado pelo usuário,deysecereja@mppa.mp.br,12,1 de out. de 2026
T_b24d39b5-2a34-13e7-6e42-019ccb5e878a,Polimento ,Agente criado pelo usuário,rayannessilva@mppa.mp.br,36,1 de out. de 2026
T_af6464d2-f3c6-eef5-bc28-0eb14fb0269a,ELABORAR RECOMENDAÇÃO,Agente criado pelo usuário,mirandapimentel@mppa.mp.br,4,1 de out. de 2026
T_d73254b8-96ef-4581-9dea-b3b2a49bebd7,NF 2 – Andamento,Agente criado pelo usuário,mirandapimentel@mppa.mp.br,1,1 de out. de 2026
T_7f861970-42a7-7cb6-9824-b6e378c28195,CPat. Contrarrazões Recursais,Agente criado pelo usuário,manuellaazevedo@mppa.mp.br,15,1 de out. de 2026
T_2c75768d-8acc-2950-0db4-83b330f4bf64,Melhorar Prompt ,Agente criado pelo usuário,flavialopes@mppa.mp.br,3,1 de out. de 2026
T_6f5223c8-332d-a8c2-6e98-728bf3ed11cb,Pat. Red Flags 01-Análise,Agente criado pelo usuário,alexmiranda@mppa.mp.br,3,1 de out. de 2026
T_8a43a747-d1ad-c047-166c-874909b1e75c,Administrativo MP,Agente criado pelo usuário,leticiadsantos@mppa.mp.br,12,1 de out. de 2026
T_19f44508-0f59-1cc2-c106-1cd64603500c,FIRAC+ Análise Jurídica,Agente criado pelo usuário,julienesiqueira@mppa.mp.br,3,1 de out. de 2026
T_1960d404-66f2-2ce2-7cc5-7d79c842178b,Pat. Desc. de Requisição MP,Agente criado pelo usuário,formigosacauet@mppa.mp.br,1,1 de out. de 2026
T_632005cf-23ef-f061-9775-62bbf725b155,IC 2 – Andamento,Agente criado pelo usuário,formigosacauet@mppa.mp.br,3,1 de out. de 2026
T_bfe87d8e-95e2-bf66-2732-97532ae90c28,Pat. NF Improbidade,Agente criado pelo usuário,formigosacauet@mppa.mp.br,4,1 de out. de 2026
T_73d7a1ae-f69a-3d87-2c70-6ac2165d7799,Correção de textos,Agente criado pelo usuário,anabeatrizpereira@mppa.mp.br,25,1 de out. de 2026
T_866bcf02-c84e-4f24-507a-18df47d95ab0,Novo Agente,Agente criado pelo usuário,hajrsoares@mppa.mp.br,8,1 de out. de 2026
T_c91f65c6-6bf1-bd93-56ea-5d539bacac9f,Extrator Contrato Empresarial,Agente criado pelo usuário,joaoaires@mppa.mp.br,16,1 de out. de 2026
T_f04d1136-aec6-092a-e481-8d511e8c6eb8,Parecerista Jurídico,Agente criado pelo usuário,jedsonsousa@mppa.mp.br,12,1 de out. de 2026
T_95f394c3-9847-0605-18df-41d7866e6203,Geração de Ofícios MPPA,Agente criado pelo usuário,eloahsilva@mppa.mp.br,36,1 de out. de 2026
T_daca838b-e5fa-b3bc-602f-52c4f31c745d,Elaboração de Ofício,Agente criado pelo usuário,daianefranco@mppa.mp.br,13,1 de out. de 2026
T_8e9907f9-b4e4-433d-7f9d-ae752ca28a3f,Consultor - Atendimento,Agente criado pelo usuário,camilapantoja@mppa.mp.br,4,1 de out. de 2026
T_c91d2841-e612-8fc2-ee3a-b63022f7265f,Ofícios,Agente criado pelo usuário,layraoliveira@mppa.mp.br,55,1 de out. de 2026
T_73d7a1ae-f69a-3d87-2c70-6ac2165d7799,Correção de textos,Agente criado pelo usuário,ozielfilho@mppa.mp.br,42,1 de out. de 2026
T_18a9f955-e7ec-d35a-1d2f-1993e37ce8f7,CPat. Alegações Finais MP,Agente criado pelo usuário,cristinasrocha@mppa.mp.br,8,1 de out. de 2026
T_05ac5721-fd90-6720-41bd-49f7bfcce296,Pat. Elaboração ACP Genérica,Agente criado pelo usuário,rafaelaferreira@mppa.mp.br,8,1 de out. de 2026
T_0970dcf6-22d2-398e-9f08-62dde6b68429,NF 1 - Análise Inicial,Agente criado pelo usuário,wallacefelipe@mppa.mp.br,3,1 de out. de 2026
T_8a43a747-d1ad-c047-166c-874909b1e75c,Administrativo MP,Agente criado pelo usuário,rodrigomaik@mppa.mp.br,43,1 de out. de 2026
T_95f394c3-9847-0605-18df-41d7866e6203,Geração de Ofícios MPPA,Agente criado pelo usuário,terezaraquel@mppa.mp.br,7,1 de out. de 2026
T_31033b52-dde0-e81d-45b4-de1ec1814bd1,PP 1 — Instauração,Agente criado pelo usuário,gabriellaandrade@mppa.mp.br,11,1 de out. de 2026
T_8a43a747-d1ad-c047-166c-874909b1e75c,Administrativo MP,Agente criado pelo usuário,aquilescosta@mppa.mp.br,27,1 de out. de 2026
T_19f44508-0f59-1cc2-c106-1cd64603500c,FIRAC+ Análise Jurídica,Agente criado pelo usuário,hericfernandes@mppa.mp.br,119,1 de out. de 2026
T_bfe87d8e-95e2-bf66-2732-97532ae90c28,Pat. NF Improbidade,Agente criado pelo usuário,mariamagno@mppa.mp.br,5,1 de out. de 2026
T_0a587ec3-cf08-7433-9050-b9222ee4cae6,Assistente de narrativa fática,Agente criado pelo usuário,lannalima@mppa.mp.br,9,1 de out. de 2026
T_5ed40173-1f92-913c-bad6-8a53a4e45701,Despacho Extrajudicial,Agente criado pelo usuário,lannalima@mppa.mp.br,77,1 de out. de 2026
T_03baa6e1-0e49-4815-f95a-286f2b51b0fc,Perguntas em AIJ Crim 01,Agente criado pelo usuário,dmoura@mppa.mp.br,3,30 de set. de 2026
T_45796082-9244-9dad-ed27-42a7175b556b,Jurisprudências CAOCRIM-MPPA,Agente criado pelo usuário,rodrigosilva@mppa.mp.br,1,30 de set. de 2026
P_9946b656-2c96-e9fa-4ce4-8ad96c5b789b,Jurisprudência GPT,Agente criado por Terceiros,rsouza@mppa.mp.br,3,30 de set. de 2026
T_c94fc155-ea04-9afa-d8d1-d3e7dee8bc15,PA 2 — Andamento,Agente criado pelo usuário,nayaranegrao@mppa.mp.br,4,30 de set. de 2026
T_5ed40173-1f92-913c-bad6-8a53a4e45701,Despacho Extrajudicial,Agente criado pelo usuário,carlapassos@mppa.mp.br,95,30 de set. de 2026
T_6412394d-94b0-ce24-ab23-415fb5637904,Pareceres em Processos Cíveis,Agente criado pelo usuário,carlapassos@mppa.mp.br,41,30 de set. de 2026
T_a02ad702-f8ba-7f49-7349-2b8e69cdf30c,CPat. Denúncia,Agente criado pelo usuário,novaismanoela@mppa.mp.br,3,30 de set. de 2026
T_73d7a1ae-f69a-3d87-2c70-6ac2165d7799,Correção de textos,Agente criado pelo usuário,thiagomatos@mppa.mp.br,18,30 de set. de 2026
T_68e37fac-5abb-d7c3-2832-93ac1be684ea,Velamento Fundacional MPPA,Agente criado pelo usuário,niellyromeiro@mppa.mp.br,21,30 de set. de 2026
T_1be62fa2-db75-630c-da0f-6ac3b1048f66,Júri Arquivamento Homicídio,Agente criado pelo usuário,glfilho@mppa.mp.br,2,30 de set. de 2026
T_19f44508-0f59-1cc2-c106-1cd64603500c,FIRAC+ Análise Jurídica,Agente criado pelo usuário,joanalima@mppa.mp.br,133,30 de set. de 2026
T_47ab2e5b-5164-5d1d-908a-71c46c365091,Tráfico Revogação de Prisão,Agente criado pelo usuário,jessicaleao@mppa.mp.br,7,30 de set. de 2026
T_90d15e4e-c981-2408-1951-bf55b7746a26,CPat. Analista de Investigação,Agente criado pelo usuário,dirkmattos@mppa.mp.br,11,30 de set. de 2026
T_b659156e-f4a0-7abd-a710-d329e5d8d9ac,Extrator para Importação,Agente criado pelo usuário,ramoura@mppa.mp.br,11,30 de set. de 2026
T_c67c581e-522e-4123-90d9-0942bcd9cd73,Júri Sustentação oral,Agente criado pelo usuário,reginaldo@mppa.mp.br,10,30 de set. de 2026
T_18a9f955-e7ec-d35a-1d2f-1993e37ce8f7,CPat. Alegações Finais MP,Agente criado pelo usuário,luissilva@mppa.mp.br,11,30 de set. de 2026
T_732b87ba-1535-42cb-740b-566187f8a1ea,CPat. Diligências,Agente criado pelo usuário,luissilva@mppa.mp.br,23,30 de set. de 2026
T_78cd15a5-cf1a-0170-5819-f36e7d57fdd3,CPat. Razões Recursais MP,Agente criado pelo usuário,luissilva@mppa.mp.br,14,30 de set. de 2026
T_af6464d2-f3c6-eef5-bc28-0eb14fb0269a,ELABORAR RECOMENDAÇÃO,Agente criado pelo usuário,luissilva@mppa.mp.br,3,30 de set. de 2026
T_c9b103a4-9829-a8dd-55c2-69cdd2b86ef2,AVIS,Agente criado pelo usuário,tavares@mppa.mp.br,1,30 de set. de 2026
T_ab1bb660-8139-ab32-a0e0-178e56b63db0,FIRAC+: Análise Jurídica,Agente criado pelo usuário,michelborges@mppa.mp.br,71,30 de set. de 2026
P_307475bf-b2cf-94d8-95c4-9bc732fdbc72,Adobe Express,Agente criado por Terceiros,andreoliveira@mppa.mp.br,1,30 de set. de 2026
P_f0ff38f1-4d81-a9b7-dbf1-b161328daa1f,Prompt Coach,Agente criado pela Microsoft,andreoliveira@mppa.mp.br,10,30 de set. de 2026
T_03baa6e1-0e49-4815-f95a-286f2b51b0fc,Perguntas em AIJ Crim 01,Agente criado pelo usuário,andreoliveira@mppa.mp.br,111,30 de set. de 2026
T_e5406742-d292-f217-f4e0-cabd3c6b10f9,Perguntas em Escuta de Menores,Agente criado pelo usuário,andreoliveira@mppa.mp.br,6,30 de set. de 2026
T_8a43a747-d1ad-c047-166c-874909b1e75c,Administrativo MP,Agente criado pelo usuário,clotilde@mppa.mp.br,4,30 de set. de 2026
T_98bb84cf-4b8d-87a7-d8e0-98da4dfe26f4,Parecer Cível MP,Agente criado pelo usuário,eliseuom@mppa.mp.br,19,30 de set. de 2026
T_a21d631e-a7b5-91fd-d208-9788fee75980,Arquivamento de IPL,Agente criado pelo usuário,eliseuom@mppa.mp.br,26,30 de set. de 2026
T_7fca3fe7-e30a-ac54-7749-4b9471dbc198,Júri Contrarrazões Recursais,Agente criado pelo usuário,jaqueline@mppa.mp.br,2,30 de set. de 2026
T_33daa8ce-50d9-0324-c445-febe618a329d,PP 3 — Finalização ,Agente criado pelo usuário,cassiadealexandria@mppa.mp.br,3,30 de set. de 2026
T_bfe87d8e-95e2-bf66-2732-97532ae90c28,Pat. NF Improbidade,Agente criado pelo usuário,luizpereira@mppa.mp.br,18,30 de set. de 2026
T_8a43a747-d1ad-c047-166c-874909b1e75c,Administrativo MP,Agente criado pelo usuário,brunocsantos@mppa.mp.br,18,30 de set. de 2026
T_8a43a747-d1ad-c047-166c-874909b1e75c,Administrativo MP,Agente criado pelo usuário,andreymatos@mppa.mp.br,21,30 de set. de 2026
T_73d7a1ae-f69a-3d87-2c70-6ac2165d7799,Correção de textos,Agente criado pelo usuário,matheusdasilva@mppa.mp.br,2,30 de set. de 2026
T_95f394c3-9847-0605-18df-41d7866e6203,Geração de Ofícios MPPA,Agente criado pelo usuário,matheusdasilva@mppa.mp.br,1,30 de set. de 2026
T_acba794f-4692-d2f0-8e60-a175cc8212f2,Certidões,Agente criado pelo usuário,matheusdasilva@mppa.mp.br,37,30 de set. de 2026
P_9946b656-2c96-e9fa-4ce4-8ad96c5b789b,Jurisprudência GPT,Agente criado por Terceiros,beneditonascimento@mppa.mp.br,2,30 de set. de 2026
T_210c8c69-558f-0207-263e-22f55dc91028,CPat. Arquivamento,Agente criado pelo usuário,3pjcrim@mppa.mp.br,15,30 de set. de 2026
T_6a2302d6-c7ae-82cd-5f19-617c070d9a98,RECUPERAÇÃO JUDICIAL,Agente criado pelo usuário,kariannemachado@mppa.mp.br,70,30 de set. de 2026
T_19f44508-0f59-1cc2-c106-1cd64603500c,FIRAC+ Análise Jurídica,Agente criado pelo usuário,felipegoncalves@mppa.mp.br,18,30 de set. de 2026
P_9946b656-2c96-e9fa-4ce4-8ad96c5b789b,Jurisprudência GPT,Agente criado por Terceiros,claudiodias@mppa.mp.br,17,30 de set. de 2026
T_88e6ef9f-b216-3b68-8f82-288a5ec50389,Conselheiro,Agente criado pelo usuário,luanasales@mppa.mp.br,16,30 de set. de 2026
T_5ca15829-6830-98b2-aef0-67b995cfe7f1,PA 3 — Finalização,Agente criado pelo usuário,deysecereja@mppa.mp.br,6,30 de set. de 2026
T_632005cf-23ef-f061-9775-62bbf725b155,IC 2 – Andamento,Agente criado pelo usuário,deysecereja@mppa.mp.br,17,30 de set. de 2026
T_19f44508-0f59-1cc2-c106-1cd64603500c,FIRAC+ Análise Jurídica,Agente criado pelo usuário,rayannessilva@mppa.mp.br,142,30 de set. de 2026
T_ce532dea-6fa0-67fd-27fe-5c8314c8f08e,AMC- Denúncias,Agente criado pelo usuário,rayannessilva@mppa.mp.br,11,30 de set. de 2026
T_18a9f955-e7ec-d35a-1d2f-1993e37ce8f7,CPat. Alegações Finais MP,Agente criado pelo usuário,mirandapimentel@mppa.mp.br,2,30 de set. de 2026
T_8788df4b-d01c-f25d-ea7d-c803c2e398fd,Pat. Rachadinha 02-ACP,Agente criado pelo usuário,mirandapimentel@mppa.mp.br,3,30 de set. de 2026
T_8a43a747-d1ad-c047-166c-874909b1e75c,Administrativo MP,Agente criado pelo usuário,mirandapimentel@mppa.mp.br,24,30 de set. de 2026
T_bcbd527d-4840-2486-819b-c9389cf69186,Detector de Vícios IA,Agente criado pelo usuário,anabeatrizpereira@mppa.mp.br,17,30 de set. de 2026
T_8a43a747-d1ad-c047-166c-874909b1e75c,Administrativo MP,Agente criado pelo usuário,igorpereira@mppa.mp.br,21,30 de set. de 2026
T_73d7a1ae-f69a-3d87-2c70-6ac2165d7799,Correção de textos,Agente criado pelo usuário,agathalis@mppa.mp.br,5,30 de set. de 2026
T_a2c72690-3178-e23c-654b-cdf00e67cee4,Conselheiro,Agente criado pelo usuário,elannareis@mppa.mp.br,5,30 de set. de 2026
P_f0ff38f1-4d81-a9b7-dbf1-b161328daa1f,Prompt Coach,Agente criado pela Microsoft,jorgealan@mppa.mp.br,8,30 de set. de 2026
T_d25272d9-1848-729c-a209-58aafc2c5605,Assessor Jurídico MPPA,Agente criado pelo usuário,jorgealan@mppa.mp.br,4,30 de set. de 2026
T_0eac48a9-e58f-4c84-baee-1bb7de7f11f7,Revisor - Português Formal,Agente criado pelo usuário,layraoliveira@mppa.mp.br,3,30 de set. de 2026
T_7da11890-bde3-7b0f-e456-4bcac0f238c0,Escrivão Ministerial,Agente criado pelo usuário,layraoliveira@mppa.mp.br,34,30 de set. de 2026
T_be1694b7-0a9c-fab3-7b48-d580c7b8df27,Elaboração de expedientes 1 PJ,Agente criado pelo usuário,marielenascimento@mppa.mp.br,2,30 de set. de 2026
T_b1871b91-4784-7d78-961e-3d7f39c30ccd,Atendente de Promotoria,Agente criado pelo usuário,joaovictorsantos@mppa.mp.br,51,30 de set. de 2026
T_da310544-b8bf-79ed-4973-ac7828bc8082,Análise de Audiência Degravada,Agente criado pelo usuário,isadorabrito@mppa.mp.br,11,30 de set. de 2026
T_19f44508-0f59-1cc2-c106-1cd64603500c,FIRAC+ Análise Jurídica,Agente criado pelo usuário,amandafigueiredo@mppa.mp.br,3,30 de set. de 2026
T_8a43a747-d1ad-c047-166c-874909b1e75c,Administrativo MP,Agente criado pelo usuário,lillieanyaraujo@mppa.mp.br,25,30 de set. de 2026
T_6d0524f7-8f11-0858-566e-5546007aaedb,Tráfico Analista Investigação,Agente criado pelo usuário,pbezerra@mppa.mp.br,5,29 de set. de 2026
T_c67c581e-522e-4123-90d9-0942bcd9cd73,Júri Sustentação oral,Agente criado pelo usuário,josemoreira@mppa.mp.br,24,29 de set. de 2026
T_428c5d3b-93a9-f1eb-1f1b-5d5531d9a362,Tráfico Denúncia,Agente criado pelo usuário,thiagosanandres@mppa.mp.br,4,29 de set. de 2026
T_ee3d7f07-1cd1-e394-8ad6-6e5b3d130cf8,Júri Alegações Finais MP,Agente criado pelo usuário,thiagosanandres@mppa.mp.br,18,29 de set. de 2026
P_9946b656-2c96-e9fa-4ce4-8ad96c5b789b,Jurisprudência GPT,Agente criado por Terceiros,diegoribeiro@mppa.mp.br,62,29 de set. de 2026
T_23caecbe-68d8-b6c2-a61f-b13fa431600a,Agente Promotor CNMP,Agente criado pelo usuário,niellyromeiro@mppa.mp.br,39,29 de set. de 2026
T_00ccccd8-c3ba-fd0a-3cdb-85f39a54a8c7,Cabe ANPP?,Agente criado pelo usuário,erikamenezes@mppa.mp.br,1,29 de set. de 2026
P_9946b656-2c96-e9fa-4ce4-8ad96c5b789b,Jurisprudência GPT,Agente criado por Terceiros,jackelynealves@mppa.mp.br,5,29 de set. de 2026
T_8a43a747-d1ad-c047-166c-874909b1e75c,Administrativo MP,Agente criado pelo usuário,suellencoutinho@mppa.mp.br,28,29 de set. de 2026
T_47ab2e5b-5164-5d1d-908a-71c46c365091,Tráfico Revogação de Prisão,Agente criado pelo usuário,samuelgomes@mppa.mp.br,2,29 de set. de 2026
T_ee3d7f07-1cd1-e394-8ad6-6e5b3d130cf8,Júri Alegações Finais MP,Agente criado pelo usuário,emerio@mppa.mp.br,1,29 de set. de 2026
T_18a9f955-e7ec-d35a-1d2f-1993e37ce8f7,CPat. Alegações Finais MP,Agente criado pelo usuário,rmarques@mppa.mp.br,5,29 de set. de 2026
T_a440e6f8-96cc-fbf1-6b50-d4689f1c7fff,Júri Análise Laudos Periciais,Agente criado pelo usuário,reginaldo@mppa.mp.br,9,29 de set. de 2026
T_ee3d7f07-1cd1-e394-8ad6-6e5b3d130cf8,Júri Alegações Finais MP,Agente criado pelo usuário,reginaldo@mppa.mp.br,6,29 de set. de 2026
T_47ab2e5b-5164-5d1d-908a-71c46c365091,Tráfico Revogação de Prisão,Agente criado pelo usuário,luissilva@mppa.mp.br,31,29 de set. de 2026
T_19f44508-0f59-1cc2-c106-1cd64603500c,FIRAC+ Análise Jurídica,Agente criado pelo usuário,monicarocha@mppa.mp.br,12,29 de set. de 2026
T_e229323c-bc9a-3593-0bab-bd65f604746b,Técnico Ministerial,Agente criado pelo usuário,rcardoso@mppa.mp.br,52,29 de set. de 2026
T_a45f885d-5b91-f9fb-24ad-f3a89c21efbf,Análise de Inquérito Policial,Agente criado pelo usuário,andreoliveira@mppa.mp.br,43,29 de set. de 2026
T_4a448718-3fa2-6940-7519-1387bea6bcf8,Perguntas em AIJ Crim 02,Agente criado pelo usuário,brunorodrigues@mppa.mp.br,8,29 de set. de 2026
T_428c5d3b-93a9-f1eb-1f1b-5d5531d9a362,Tráfico Denúncia,Agente criado pelo usuário,camilacruz@mppa.mp.br,3,29 de set. de 2026
T_47ab2e5b-5164-5d1d-908a-71c46c365091,Tráfico Revogação de Prisão,Agente criado pelo usuário,camilacruz@mppa.mp.br,8,29 de set. de 2026
T_a9ed52e3-fac8-79f7-ce8b-30e074dea8a2,NF 3 – Finalização,Agente criado pelo usuário,camilasamartins@mppa.mp.br,10,29 de set. de 2026
T_054768eb-d5de-467c-b044-ad7effd25efb,TERMO DE DECLARAÇÃO.,Agente criado pelo usuário,msousa@mppa.mp.br,19,29 de set. de 2026
T_56555be4-b599-1e23-1f67-89e45202711e,Ofícios,Agente criado pelo usuário,fjaelder@mppa.mp.br,8,29 de set. de 2026
T_c67c581e-522e-4123-90d9-0942bcd9cd73,Júri Sustentação oral,Agente criado pelo usuário,dmondego@mppa.mp.br,1,29 de set. de 2026
T_c73f20b3-3ce3-36d6-8836-3a1aa89929cd,Júri Incoerência Depoimentos,Agente criado pelo usuário,elieteoliveira@mppa.mp.br,24,29 de set. de 2026
T_632005cf-23ef-f061-9775-62bbf725b155,IC 2 – Andamento,Agente criado pelo usuário,gabrielaknebel@mppa.mp.br,44,29 de set. de 2026
T_a9ed52e3-fac8-79f7-ce8b-30e074dea8a2,NF 3 – Finalização,Agente criado pelo usuário,gabrielaknebel@mppa.mp.br,1,29 de set. de 2026
T_d73254b8-96ef-4581-9dea-b3b2a49bebd7,NF 2 – Andamento,Agente criado pelo usuário,gabrielaknebel@mppa.mp.br,2,29 de set. de 2026
T_daf836dd-9a99-1831-66a8-b89180aa9329,Extrajudicial MP,Agente criado pelo usuário,eliseuom@mppa.mp.br,2,29 de set. de 2026
T_320ca72e-eac7-4d48-8d84-7b840d1743e9,Júri Razões Recursais,Agente criado pelo usuário,valeriaasilva@mppa.mp.br,11,29 de set. de 2026
T_8a43a747-d1ad-c047-166c-874909b1e75c,Administrativo MP,Agente criado pelo usuário,annabarroso@mppa.mp.br,43,29 de set. de 2026
P_9946b656-2c96-e9fa-4ce4-8ad96c5b789b,Jurisprudência GPT,Agente criado por Terceiros,renanprimo@mppa.mp.br,4,29 de set. de 2026
T_31bf2774-ac33-d317-0d4a-ccb667f51e98,Portaria de PA,Agente criado pelo usuário,matheusdasilva@mppa.mp.br,19,29 de set. de 2026
T_80aad886-12da-5f35-dc19-3937f5543fa3,IC 3 – FINALIZAÇÃO,Agente criado pelo usuário,ronielcarneiro@mppa.mp.br,1,29 de set. de 2026
P_9946b656-2c96-e9fa-4ce4-8ad96c5b789b,Jurisprudência GPT,Agente criado por Terceiros,luizabarcante@mppa.mp.br,4,29 de set. de 2026
T_bcb62248-3f1b-3cec-9144-ec292043e631,Pareceris,Agente criado pelo usuário,amadeuvidonho@mppa.mp.br,12,29 de set. de 2026
T_8cd3cfe6-b051-5253-288c-3b9d64c6f017,Ambiental Promotor de Justiça,Agente criado pelo usuário,gustavobrito@mppa.mp.br,1,29 de set. de 2026
T_c92e6486-706f-2469-973b-4a4bcfafa2fb,Improbidade - Promotor de Just,Agente criado pelo usuário,gustavobrito@mppa.mp.br,13,29 de set. de 2026
T_f8b37ec0-90da-fc83-9950-4c25394c0e66,Infância - Promotor de Justiç ,Agente criado pelo usuário,gustavobrito@mppa.mp.br,13,29 de set. de 2026
T_0ba501dd-96cb-3e27-9af5-2e92236b744d,Júri Analista de Investigação,Agente criado pelo usuário,njpozorio@mppa.mp.br,2,29 de set. de 2026
T_e5424285-93b6-ab0c-3bec-e922acc1633a,Júri Diligências Iniciais,Agente criado pelo usuário,njpozorio@mppa.mp.br,2,29 de set. de 2026
T_0f174865-005b-9ea3-5d89-6dd8cab72a71,Pat. Festas 01-Análise,Agente criado pelo usuário,mayarapombo@mppa.mp.br,5,29 de set. de 2026
T_0970dcf6-22d2-398e-9f08-62dde6b68429,NF 1 - Análise Inicial,Agente criado pelo usuário,victoriacorrea@mppa.mp.br,7,29 de set. de 2026
T_5ca15829-6830-98b2-aef0-67b995cfe7f1,PA 3 — Finalização,Agente criado pelo usuário,victoriacorrea@mppa.mp.br,6,29 de set. de 2026
T_80aad886-12da-5f35-dc19-3937f5543fa3,IC 3 – FINALIZAÇÃO,Agente criado pelo usuário,victoriacorrea@mppa.mp.br,4,29 de set. de 2026
T_af6464d2-f3c6-eef5-bc28-0eb14fb0269a,ELABORAR RECOMENDAÇÃO,Agente criado pelo usuário,fabiotrindade@mppa.mp.br,14,29 de set. de 2026
T_00ccccd8-c3ba-fd0a-3cdb-85f39a54a8c7,Cabe ANPP?,Agente criado pelo usuário,jacquelinesantos@mppa.mp.br,8,29 de set. de 2026
T_210c8c69-558f-0207-263e-22f55dc91028,CPat. Arquivamento,Agente criado pelo usuário,sidenircosta@mppa.mp.br,7,29 de set. de 2026
T_0970dcf6-22d2-398e-9f08-62dde6b68429,NF 1 - Análise Inicial,Agente criado pelo usuário,mirandapimentel@mppa.mp.br,25,29 de set. de 2026
T_a02ad702-f8ba-7f49-7349-2b8e69cdf30c,CPat. Denúncia,Agente criado pelo usuário,larissaportugal@mppa.mp.br,28,29 de set. de 2026
T_73d7a1ae-f69a-3d87-2c70-6ac2165d7799,Correção de textos,Agente criado pelo usuário,manuellaazevedo@mppa.mp.br,19,29 de set. de 2026
T_1d653fa0-2ce4-01bb-b778-1442139fdb2c,Denúncia Criminal,Agente criado pelo usuário,arthurwolff@mppa.mp.br,3,29 de set. de 2026
T_0970dcf6-22d2-398e-9f08-62dde6b68429,NF 1 - Análise Inicial,Agente criado pelo usuário,douglassferreira@mppa.mp.br,9,29 de set. de 2026
T_bdf1269a-4993-b3ac-62e6-d8dd8e07fce3,PP 2 — Andamento ,Agente criado pelo usuário,douglassferreira@mppa.mp.br,4,29 de set. de 2026
T_bcbd527d-4840-2486-819b-c9389cf69186,Detector de Vícios IA,Agente criado pelo usuário,patrikdovale@mppa.mp.br,393,29 de set. de 2026
T_20a8b50b-8544-b958-ecf7-3fdc43028bbf,Tráfico Contrarrazões Recurso,Agente criado pelo usuário,sauvelinawaru@mppa.mp.br,3,29 de set. de 2026
T_8a43a747-d1ad-c047-166c-874909b1e75c,Administrativo MP,Agente criado pelo usuário,ayrasofia@mppa.mp.br,16,29 de set. de 2026
T_68431b2a-4bde-fe64-19fa-17bb2df32c4b,ATENDIMENTO,Agente criado pelo usuário,kevynramon@mppa.mp.br,34,29 de set. de 2026
T_0970dcf6-22d2-398e-9f08-62dde6b68429,NF 1 - Análise Inicial,Agente criado pelo usuário,ruanacosta@mppa.mp.br,16,29 de set. de 2026
T_c94fc155-ea04-9afa-d8d1-d3e7dee8bc15,PA 2 — Andamento,Agente criado pelo usuário,ruanacosta@mppa.mp.br,8,29 de set. de 2026
T_00ccccd8-c3ba-fd0a-3cdb-85f39a54a8c7,Cabe ANPP?,Agente criado pelo usuário,italopaz@mppa.mp.br,6,29 de set. de 2026
T_47ab2e5b-5164-5d1d-908a-71c46c365091,Tráfico Revogação de Prisão,Agente criado pelo usuário,ssobral@mppa.mp.br,5,28 de set. de 2026
T_7f861970-42a7-7cb6-9824-b6e378c28195,CPat. Contrarrazões Recursais,Agente criado pelo usuário,pbezerra@mppa.mp.br,1,28 de set. de 2026
T_f666942d-597c-960b-5960-eefae4f98e0e,Tráfico Arquivamento ,Agente criado pelo usuário,thiagosanandres@mppa.mp.br,12,28 de set. de 2026
T_78cd15a5-cf1a-0170-5819-f36e7d57fdd3,CPat. Razões Recursais MP,Agente criado pelo usuário,erikamenezes@mppa.mp.br,2,28 de set. de 2026
T_41bb993a-975a-e0d0-712b-6a792f55f9f3,Júri Perguntas em AIJ Crim 01,Agente criado pelo usuário,glfilho@mppa.mp.br,2,28 de set. de 2026
T_ee3d7f07-1cd1-e394-8ad6-6e5b3d130cf8,Júri Alegações Finais MP,Agente criado pelo usuário,glfilho@mppa.mp.br,3,28 de set. de 2026
T_cd22d835-971a-8201-6f48-2ef25feca354,Prof correção Matemática,Agente criado pelo usuário,andresc@mppa.mp.br,3,28 de set. de 2026
T_428c5d3b-93a9-f1eb-1f1b-5d5531d9a362,Tráfico Denúncia,Agente criado pelo usuário,rmarques@mppa.mp.br,6,28 de set. de 2026
T_90d15e4e-c981-2408-1951-bf55b7746a26,CPat. Analista de Investigação,Agente criado pelo usuário,rmarques@mppa.mp.br,6,28 de set. de 2026
T_a02ad702-f8ba-7f49-7349-2b8e69cdf30c,CPat. Denúncia,Agente criado pelo usuário,luissilva@mppa.mp.br,34,28 de set. de 2026
T_16d4e10b-c6e4-c443-e6fc-5fa8ae00d751,EMENTARIUS,Agente criado pelo usuário,tavares@mppa.mp.br,8,28 de set. de 2026
T_a02ad702-f8ba-7f49-7349-2b8e69cdf30c,CPat. Denúncia,Agente criado pelo usuário,monicarocha@mppa.mp.br,24,28 de set. de 2026
T_89c2809e-6c91-e35c-13ab-a1a47f42681d,Revisor de Escrita Forense,Agente criado pelo usuário,michelborges@mppa.mp.br,6,28 de set. de 2026
T_1d98fcaa-1aab-5211-cc64-7cc180ddc1bc,Estudo Externo,Agente criado pelo usuário,msfilho@mppa.mp.br,3,28 de set. de 2026
T_c33b457a-771e-b7d0-11af-52bdb35d66d0,Analista de Direito do MPPA,Agente criado pelo usuário,mgualberto@mppa.mp.br,4,28 de set. de 2026
T_8a86a0bd-9f46-9a46-db40-88651bb59eac,CPat. Revogação de Prisão,Agente criado pelo usuário,camilacruz@mppa.mp.br,5,28 de set. de 2026
T_f666942d-597c-960b-5960-eefae4f98e0e,Tráfico Arquivamento ,Agente criado pelo usuário,camilacruz@mppa.mp.br,2,28 de set. de 2026
T_19f44508-0f59-1cc2-c106-1cd64603500c,FIRAC+ Análise Jurídica,Agente criado pelo usuário,javiz@mppa.mp.br,2,28 de set. de 2026
T_80aad886-12da-5f35-dc19-3937f5543fa3,IC 3 – FINALIZAÇÃO,Agente criado pelo usuário,annabarroso@mppa.mp.br,18,28 de set. de 2026
T_4e7d3200-0f1a-8598-dedc-1c914c78b678,012/2024 CPJ,Agente criado pelo usuário,andreymatos@mppa.mp.br,1,28 de set. de 2026
T_8e9907f9-b4e4-433d-7f9d-ae752ca28a3f,Consultor - Atendimento,Agente criado pelo usuário,matheusdasilva@mppa.mp.br,15,28 de set. de 2026
T_632005cf-23ef-f061-9775-62bbf725b155,IC 2 – Andamento,Agente criado pelo usuário,beneditonascimento@mppa.mp.br,23,28 de set. de 2026
T_a02ad702-f8ba-7f49-7349-2b8e69cdf30c,CPat. Denúncia,Agente criado pelo usuário,beneditonascimento@mppa.mp.br,12,28 de set. de 2026
T_9e8b710d-c580-894e-f972-08a20fa8f4f2,CONTESTOR,Agente criado pelo usuário,amadeuvidonho@mppa.mp.br,9,28 de set. de 2026
T_00ccccd8-c3ba-fd0a-3cdb-85f39a54a8c7,Cabe ANPP?,Agente criado pelo usuário,andreguimaraes@mppa.mp.br,1,28 de set. de 2026
T_7f6da1fb-3198-1075-e4a4-2e61b9fd0a5a,Júri Roteiro,Agente criado pelo usuário,gelvannylima@mppa.mp.br,2,28 de set. de 2026
T_19f44508-0f59-1cc2-c106-1cd64603500c,FIRAC+ Análise Jurídica,Agente criado pelo usuário,helderduart@mppa.mp.br,4,28 de set. de 2026
T_2a9dca3c-4711-3036-b70c-86dc5ce4a20f,Pat. ANPC 02-Termo,Agente criado pelo usuário,mirandapimentel@mppa.mp.br,4,28 de set. de 2026
T_210c8c69-558f-0207-263e-22f55dc91028,CPat. Arquivamento,Agente criado pelo usuário,vitoriadiniz@mppa.mp.br,4,28 de set. de 2026
T_41ed3d60-5501-e1cc-b87b-94d9ff71967c,Júri Revogação de Prisão,Agente criado pelo usuário,douglassferreira@mppa.mp.br,2,28 de set. de 2026
T_da310544-b8bf-79ed-4973-ac7828bc8082,Análise de Audiência Degravada,Agente criado pelo usuário,hajrsoares@mppa.mp.br,6,28 de set. de 2026
T_a47ff010-20f8-5e02-f620-2852bc136427,ARQUIVAMENTO EXTRA,Agente criado pelo usuário,paulabarros@mppa.mp.br,3,28 de set. de 2026
T_56158596-0440-cac5-ef9d-ef932452b180,Nutre pessoal,Agente criado pelo usuário,dayanavirgolino@mppa.mp.br,7,28 de set. de 2026
T_73d7a1ae-f69a-3d87-2c70-6ac2165d7799,Correção de textos,Agente criado pelo usuário,arthursena@mppa.mp.br,2,28 de set. de 2026
T_3624fc90-f3ff-3655-7703-f12ea6c38d62,Júri Denúncia ,Agente criado pelo usuário,petronioleaojr@mppa.mp.br,3,28 de set. de 2026
T_a9ed52e3-fac8-79f7-ce8b-30e074dea8a2,NF 3 – Finalização,Agente criado pelo usuário,wallacefelipe@mppa.mp.br,4,28 de set. de 2026
T_95f394c3-9847-0605-18df-41d7866e6203,Geração de Ofícios MPPA,Agente criado pelo usuário,mariameneses@mppa.mp.br,10,28 de set. de 2026
T_6d0524f7-8f11-0858-566e-5546007aaedb,Tráfico Analista Investigação,Agente criado pelo usuário,lillieanyaraujo@mppa.mp.br,5,28 de set. de 2026
T_3624fc90-f3ff-3655-7703-f12ea6c38d62,Júri Denúncia ,Agente criado pelo usuário,natally@mppa.mp.br,5,27 de set. de 2026
T_a693cb65-12f0-8a60-1bb5-e0b431ed4066,Júri Cross Examination,Agente criado pelo usuário,glfilho@mppa.mp.br,1,27 de set. de 2026
T_a02ad702-f8ba-7f49-7349-2b8e69cdf30c,CPat. Denúncia,Agente criado pelo usuário,dirkmattos@mppa.mp.br,3,27 de set. de 2026
T_33daa8ce-50d9-0324-c445-febe618a329d,PP 3 — Finalização ,Agente criado pelo usuário,camilasamartins@mppa.mp.br,14,27 de set. de 2026
T_19f44508-0f59-1cc2-c106-1cd64603500c,FIRAC+ Análise Jurídica,Agente criado pelo usuário,jacquelinesantos@mppa.mp.br,2,27 de set. de 2026
T_320ca72e-eac7-4d48-8d84-7b840d1743e9,Júri Razões Recursais,Agente criado pelo usuário,larissaportugal@mppa.mp.br,6,27 de set. de 2026
T_7fca3fe7-e30a-ac54-7749-4b9471dbc198,Júri Contrarrazões Recursais,Agente criado pelo usuário,larissaportugal@mppa.mp.br,2,27 de set. de 2026
T_9d6fcfd7-b9e2-8940-bdd9-91d351a576b6,Audiência ,Agente criado pelo usuário,alexmiranda@mppa.mp.br,3,27 de set. de 2026
P_552e6eda-fc18-7fb9-0ef6-1bf2de3393e4,Researcher,Agente criado pela Microsoft,rodrigosilva@mppa.mp.br,25,26 de set. de 2026
T_7fca3fe7-e30a-ac54-7749-4b9471dbc198,Júri Contrarrazões Recursais,Agente criado pelo usuário,dirkmattos@mppa.mp.br,2,26 de set. de 2026
P_23193c8d-0406-0253-ad63-c34c455b552d,Insights Agent,Agente criado pela Microsoft,andreoliveira@mppa.mp.br,1,26 de set. de 2026
T_47ab2e5b-5164-5d1d-908a-71c46c365091,Tráfico Revogação de Prisão,Agente criado pelo usuário,dmondego@mppa.mp.br,1,26 de set. de 2026
T_f203f092-dfb0-608a-e6db-ec7ee5252214,Analisador de Procedimentos,Agente criado pelo usuário,andreymatos@mppa.mp.br,5,26 de set. de 2026
T_a0ea4777-8377-fd74-735c-b55d5e33eb69,C.Sex Analista de Investigação,Agente criado pelo usuário,kharenloureiro@mppa.mp.br,1,26 de set. de 2026
T_b518f695-a3a6-7341-3592-6a4613cbcebf,Redigir ofícios,Agente criado pelo usuário,mramos@mppa.mp.br,8,25 de set. de 2026
T_96a55bb4-d0e1-b514-cd3e-625c9aa50513,Analista de Custódia,Agente criado pelo usuário,fabiosilva@mppa.mp.br,14,25 de set. de 2026
P_9946b656-2c96-e9fa-4ce4-8ad96c5b789b,Jurisprudência GPT,Agente criado por Terceiros,tirza@mppa.mp.br,11,25 de set. de 2026
T_428c5d3b-93a9-f1eb-1f1b-5d5531d9a362,Tráfico Denúncia,Agente criado pelo usuário,morgana@mppa.mp.br,1,25 de set. de 2026
T_09d005c5-4ec9-0aa3-24fd-6132113579b1,Extrato de Portaria,Agente criado pelo usuário,esarmento@mppa.mp.br,4,25 de set. de 2026
T_a9ed52e3-fac8-79f7-ce8b-30e074dea8a2,NF 3 – Finalização,Agente criado pelo usuário,joanalima@mppa.mp.br,2,25 de set. de 2026
T_428c5d3b-93a9-f1eb-1f1b-5d5531d9a362,Tráfico Denúncia,Agente criado pelo usuário,jessicaleao@mppa.mp.br,3,25 de set. de 2026
P_b2f25cb5-1ccd-b7ed-8a74-35d2b43e0130,Planner Agent,Agente criado pela Microsoft,alineneiva@mppa.mp.br,32,25 de set. de 2026
T_95f394c3-9847-0605-18df-41d7866e6203,Geração de Ofícios MPPA,Agente criado pelo usuário,djardim@mppa.mp.br,9,25 de set. de 2026
T_0ba501dd-96cb-3e27-9af5-2e92236b744d,Júri Analista de Investigação,Agente criado pelo usuário,rmarques@mppa.mp.br,6,25 de set. de 2026
T_e5424285-93b6-ab0c-3bec-e922acc1633a,Júri Diligências Iniciais,Agente criado pelo usuário,rmarques@mppa.mp.br,5,25 de set. de 2026
T_bcbd527d-4840-2486-819b-c9389cf69186,Detector de Vícios IA,Agente criado pelo usuário,pcosta@mppa.mp.br,8,25 de set. de 2026
T_d67b7d15-9ddb-6c01-9331-1292aa886796,Novo Agente,Agente criado pelo usuário,msfilho@mppa.mp.br,19,25 de set. de 2026
T_41e4086d-3ee3-ba86-8c9d-7d72241d9852,Pesquisa Patrimonial,Agente criado pelo usuário,diegosantana@mppa.mp.br,4,25 de set. de 2026
T_0970dcf6-22d2-398e-9f08-62dde6b68429,NF 1 - Análise Inicial,Agente criado pelo usuário,daianaraquelsouza@mppa.mp.br,10,25 de set. de 2026
T_af6464d2-f3c6-eef5-bc28-0eb14fb0269a,ELABORAR RECOMENDAÇÃO,Agente criado pelo usuário,sebastiaoissa@mppa.mp.br,3,25 de set. de 2026
T_320ca72e-eac7-4d48-8d84-7b840d1743e9,Júri Razões Recursais,Agente criado pelo usuário,kellysantana@mppa.mp.br,9,25 de set. de 2026
T_747c9289-ba2f-a5ba-98b4-7b041531ea21,Corretor Ortográfico,Agente criado pelo usuário,andersonluiz@mppa.mp.br,9,25 de set. de 2026
T_0970dcf6-22d2-398e-9f08-62dde6b68429,NF 1 - Análise Inicial,Agente criado pelo usuário,thiagomonteiro@mppa.mp.br,3,25 de set. de 2026
T_d433db18-eb31-e8a4-6713-dbd77046c5a1,PA 4 — Planejamento Estratégic,Agente criado pelo usuário,viniciusalvarenga@mppa.mp.br,16,25 de set. de 2026
P_9946b656-2c96-e9fa-4ce4-8ad96c5b789b,Jurisprudência GPT,Agente criado por Terceiros,kariannemachado@mppa.mp.br,6,25 de set. de 2026
T_0970dcf6-22d2-398e-9f08-62dde6b68429,NF 1 - Análise Inicial,Agente criado pelo usuário,felipegoncalves@mppa.mp.br,2,25 de set. de 2026
T_d92eb16e-a800-a058-a7e8-c2ac95833933,PA 1 — Instauração,Agente criado pelo usuário,felipegoncalves@mppa.mp.br,13,25 de set. de 2026
T_95f394c3-9847-0605-18df-41d7866e6203,Geração de Ofícios MPPA,Agente criado pelo usuário,fabiotrindade@mppa.mp.br,1,25 de set. de 2026
T_35d248b2-667f-a7e9-4e53-acc2797a174c,Minuta de ACP - Saúde,Agente criado pelo usuário,hipolito@mppa.mp.br,9,25 de set. de 2026
T_f247be6e-3116-7874-7bb7-0c6136d9eb2d, ESP. BARRAGEM ,Agente criado pelo usuário,gabrielripardo@mppa.mp.br,9,25 de set. de 2026
T_bcbd527d-4840-2486-819b-c9389cf69186,Detector de Vícios IA,Agente criado pelo usuário,ciceropereira@mppa.mp.br,2,25 de set. de 2026
T_7f6da1fb-3198-1075-e4a4-2e61b9fd0a5a,Júri Roteiro,Agente criado pelo usuário,diegoazevedo@mppa.mp.br,13,25 de set. de 2026
T_19f44508-0f59-1cc2-c106-1cd64603500c,FIRAC+ Análise Jurídica,Agente criado pelo usuário,brenoreismatos@mppa.mp.br,16,25 de set. de 2026
T_95f394c3-9847-0605-18df-41d7866e6203,Geração de Ofícios MPPA,Agente criado pelo usuário,ciia@mppa.mp.br,30,25 de set. de 2026
T_014ac54b-53f0-1db7-48ef-a40b46e2f0c1,Gerador de Ofícios - MPPA,Agente criado pelo usuário,jorgealan@mppa.mp.br,36,25 de set. de 2026
T_5ca15829-6830-98b2-aef0-67b995cfe7f1,PA 3 — Finalização,Agente criado pelo usuário,ulissesnascimento@mppa.mp.br,2,25 de set. de 2026
T_03baa6e1-0e49-4815-f95a-286f2b51b0fc,Perguntas em AIJ Crim 01,Agente criado pelo usuário,carlamota@mppa.mp.br,2,25 de set. de 2026
T_73d7a1ae-f69a-3d87-2c70-6ac2165d7799,Correção de textos,Agente criado pelo usuário,teresinharossetti@mppa.mp.br,5,25 de set. de 2026
T_8a43a747-d1ad-c047-166c-874909b1e75c,Administrativo MP,Agente criado pelo usuário,thaisacardoso@mppa.mp.br,13,25 de set. de 2026
T_5fc5ee0f-b0aa-01e5-b99f-6ec833cf31dd,ELABORAR TAC,Agente criado pelo usuário,ruanacosta@mppa.mp.br,1,25 de set. de 2026
T_73d7a1ae-f69a-3d87-2c70-6ac2165d7799,Correção de textos,Agente criado pelo usuário,ruanacosta@mppa.mp.br,2,25 de set. de 2026
T_20a8b50b-8544-b958-ecf7-3fdc43028bbf,Tráfico Contrarrazões Recurso,Agente criado pelo usuário,ssobral@mppa.mp.br,2,24 de set. de 2026
T_73d7a1ae-f69a-3d87-2c70-6ac2165d7799,Correção de textos,Agente criado pelo usuário,fredfreire@mppa.mp.br,4,24 de set. de 2026
T_41ed3d60-5501-e1cc-b87b-94d9ff71967c,Júri Revogação de Prisão,Agente criado pelo usuário,thiagosanandres@mppa.mp.br,14,24 de set. de 2026
T_00ccccd8-c3ba-fd0a-3cdb-85f39a54a8c7,Cabe ANPP?,Agente criado pelo usuário,morgana@mppa.mp.br,1,24 de set. de 2026
T_7fca3fe7-e30a-ac54-7749-4b9471dbc198,Júri Contrarrazões Recursais,Agente criado pelo usuário,joanalima@mppa.mp.br,2,24 de set. de 2026
T_8a86a0bd-9f46-9a46-db40-88651bb59eac,CPat. Revogação de Prisão,Agente criado pelo usuário,joanalima@mppa.mp.br,5,24 de set. de 2026
T_73d7a1ae-f69a-3d87-2c70-6ac2165d7799,Correção de textos,Agente criado pelo usuário,mpmarapanim@mppa.mp.br,19,24 de set. de 2026
P_9946b656-2c96-e9fa-4ce4-8ad96c5b789b,Jurisprudência GPT,Agente criado por Terceiros,rener@mppa.mp.br,11,24 de set. de 2026
T_90d15e4e-c981-2408-1951-bf55b7746a26,CPat. Analista de Investigação,Agente criado pelo usuário,luissilva@mppa.mp.br,43,24 de set. de 2026
T_8a43a747-d1ad-c047-166c-874909b1e75c,Administrativo MP,Agente criado pelo usuário,jgama@mppa.mp.br,1,24 de set. de 2026
T_68fbf24d-6cb3-a228-40ad-7241f73c638d,JECrim - Juizados Especiais,Agente criado pelo usuário,andreoliveira@mppa.mp.br,23,24 de set. de 2026
T_a02ad702-f8ba-7f49-7349-2b8e69cdf30c,CPat. Denúncia,Agente criado pelo usuário,andreoliveira@mppa.mp.br,5,24 de set. de 2026
T_305ff686-94c6-12b9-a5e5-2a3920bf6735,Revisor Técnico MPPA,Agente criado pelo usuário,raimundosandro@mppa.mp.br,6,24 de set. de 2026
T_6d0524f7-8f11-0858-566e-5546007aaedb,Tráfico Analista Investigação,Agente criado pelo usuário,carolgoncalves@mppa.mp.br,3,24 de set. de 2026
T_a02ad702-f8ba-7f49-7349-2b8e69cdf30c,CPat. Denúncia,Agente criado pelo usuário,carolgoncalves@mppa.mp.br,1,24 de set. de 2026
T_732b9f4a-5185-b8ce-aa53-b917e33e0966,Direito da Saúde e Assistência,Agente criado pelo usuário,ftavares@mppa.mp.br,2,24 de set. de 2026
T_00ccccd8-c3ba-fd0a-3cdb-85f39a54a8c7,Cabe ANPP?,Agente criado pelo usuário,elieteoliveira@mppa.mp.br,8,24 de set. de 2026
T_0ba501dd-96cb-3e27-9af5-2e92236b744d,Júri Analista de Investigação,Agente criado pelo usuário,valeriaasilva@mppa.mp.br,3,24 de set. de 2026
T_da310544-b8bf-79ed-4973-ac7828bc8082,Análise de Audiência Degravada,Agente criado pelo usuário,annabarroso@mppa.mp.br,56,24 de set. de 2026
T_9038a132-0d90-1f77-6678-9656c0ab62c6,Extrajudicial,Agente criado pelo usuário,luizpereira@mppa.mp.br,24,24 de set. de 2026
T_7f861970-42a7-7cb6-9824-b6e378c28195,CPat. Contrarrazões Recursais,Agente criado pelo usuário,beneditonascimento@mppa.mp.br,3,24 de set. de 2026
T_19f44508-0f59-1cc2-c106-1cd64603500c,FIRAC+ Análise Jurídica,Agente criado pelo usuário,emiliosoares@mppa.mp.br,1,24 de set. de 2026
T_a2f93fa1-a2af-1b06-8652-8cce5cda00aa,Assessor de Atribuições,Agente criado pelo usuário,kariannemachado@mppa.mp.br,11,24 de set. de 2026
T_a02ad702-f8ba-7f49-7349-2b8e69cdf30c,CPat. Denúncia,Agente criado pelo usuário,vitoriadiniz@mppa.mp.br,20,24 de set. de 2026
T_8a43a747-d1ad-c047-166c-874909b1e75c,Administrativo MP,Agente criado pelo usuário,madunascimento@mppa.mp.br,30,24 de set. de 2026
T_a02ad702-f8ba-7f49-7349-2b8e69cdf30c,CPat. Denúncia,Agente criado pelo usuário,manuellaazevedo@mppa.mp.br,32,24 de set. de 2026
T_95f394c3-9847-0605-18df-41d7866e6203,Geração de Ofícios MPPA,Agente criado pelo usuário,warysonsantos@mppa.mp.br,1,24 de set. de 2026
T_76d1ea60-e759-208d-2002-8fe9f39cd9de,Analista Planejamento MPPA,Agente criado pelo usuário,dayanavirgolino@mppa.mp.br,2,24 de set. de 2026
T_95f394c3-9847-0605-18df-41d7866e6203,Geração de Ofícios MPPA,Agente criado pelo usuário,ozielfilho@mppa.mp.br,31,24 de set. de 2026
T_d73254b8-96ef-4581-9dea-b3b2a49bebd7,NF 2 – Andamento,Agente criado pelo usuário,ulissesnascimento@mppa.mp.br,4,24 de set. de 2026
T_8a43a747-d1ad-c047-166c-874909b1e75c,Administrativo MP,Agente criado pelo usuário,ruanacosta@mppa.mp.br,38,24 de set. de 2026
T_af6464d2-f3c6-eef5-bc28-0eb14fb0269a,ELABORAR RECOMENDAÇÃO,Agente criado pelo usuário,ruanacosta@mppa.mp.br,6,24 de set. de 2026
T_d92eb16e-a800-a058-a7e8-c2ac95833933,PA 1 — Instauração,Agente criado pelo usuário,ruanacosta@mppa.mp.br,10,24 de set. de 2026
T_44133430-e5f3-fac4-59e5-81c6bc706429,Tráfico Razões Recursais MP,Agente criado pelo usuário,ssobral@mppa.mp.br,6,23 de set. de 2026
T_19f44508-0f59-1cc2-c106-1cd64603500c,FIRAC+ Análise Jurídica,Agente criado pelo usuário,fredfreire@mppa.mp.br,1,23 de set. de 2026
T_a9ed52e3-fac8-79f7-ce8b-30e074dea8a2,NF 3 – Finalização,Agente criado pelo usuário,nayaranegrao@mppa.mp.br,4,23 de set. de 2026
T_0ba501dd-96cb-3e27-9af5-2e92236b744d,Júri Analista de Investigação,Agente criado pelo usuário,thiagosanandres@mppa.mp.br,22,23 de set. de 2026
T_1be62fa2-db75-630c-da0f-6ac3b1048f66,Júri Arquivamento Homicídio,Agente criado pelo usuário,thiagosanandres@mppa.mp.br,8,23 de set. de 2026
T_3624fc90-f3ff-3655-7703-f12ea6c38d62,Júri Denúncia ,Agente criado pelo usuário,thiagosanandres@mppa.mp.br,34,23 de set. de 2026
T_3359ca48-1756-4b20-1505-ac8d6a1c1450,Analista de Leitura CAO,Agente criado pelo usuário,dboliveira@mppa.mp.br,1,23 de set. de 2026
T_24419bee-8cb6-7dfe-6512-2259420cc9f9,ANÁLISE EXTRAJUDICIAL ,Agente criado pelo usuário,rener@mppa.mp.br,10,23 de set. de 2026
T_5ca15829-6830-98b2-aef0-67b995cfe7f1,PA 3 — Finalização,Agente criado pelo usuário,rmarques@mppa.mp.br,2,23 de set. de 2026
T_20a8b50b-8544-b958-ecf7-3fdc43028bbf,Tráfico Contrarrazões Recurso,Agente criado pelo usuário,luissilva@mppa.mp.br,39,23 de set. de 2026
T_7f861970-42a7-7cb6-9824-b6e378c28195,CPat. Contrarrazões Recursais,Agente criado pelo usuário,luissilva@mppa.mp.br,43,23 de set. de 2026
T_16d4e10b-c6e4-c443-e6fc-5fa8ae00d751,EMENTARIUS,Agente criado pelo usuário,erik@mppa.mp.br,14,23 de set. de 2026
T_90d15e4e-c981-2408-1951-bf55b7746a26,CPat. Analista de Investigação,Agente criado pelo usuário,camilacruz@mppa.mp.br,5,23 de set. de 2026
T_d433db18-eb31-e8a4-6713-dbd77046c5a1,PA 4 — Planejamento Estratégic,Agente criado pelo usuário,camilasamartins@mppa.mp.br,8,23 de set. de 2026
T_62341ba6-f26a-8478-f0ad-d986d6f866cf,DAP - Agente de suporte do SAJ,Agente criado por sua organização,fjaelder@mppa.mp.br,2,23 de set. de 2026
T_f14bdb0c-d0aa-cb05-0bd6-99f6f8e58561,PA 1 — Instauração,Agente criado pelo usuário,eliseuom@mppa.mp.br,3,23 de set. de 2026
T_7f861970-42a7-7cb6-9824-b6e378c28195,CPat. Contrarrazões Recursais,Agente criado pelo usuário,valeriaasilva@mppa.mp.br,15,23 de set. de 2026
T_8a43a747-d1ad-c047-166c-874909b1e75c,Administrativo MP,Agente criado pelo usuário,alephmoreira@mppa.mp.br,3,23 de set. de 2026
T_545dd874-c231-5b7c-6884-6d6db13abf79,Tráfico Antecip. Teses Defesa,Agente criado pelo usuário,alvaroalves@mppa.mp.br,1,23 de set. de 2026
T_95f394c3-9847-0605-18df-41d7866e6203,Geração de Ofícios MPPA,Agente criado pelo usuário,cintiapatricia@mppa.mp.br,2,23 de set. de 2026
T_19f44508-0f59-1cc2-c106-1cd64603500c,FIRAC+ Análise Jurídica,Agente criado pelo usuário,rayannepalheta@mppa.mp.br,9,23 de set. de 2026
T_153aede4-21e6-ad94-8176-2384488b9cd1,Assistente Cível - M Incapaz,Agente criado pelo usuário,claudiodias@mppa.mp.br,54,23 de set. de 2026
T_a9ed52e3-fac8-79f7-ce8b-30e074dea8a2,NF 3 – Finalização,Agente criado pelo usuário,deysecereja@mppa.mp.br,4,23 de set. de 2026
T_cce4efe1-016b-105e-4dad-b0773512a356,Esp. poços e outorgas sub,Agente criado pelo usuário,gabrielripardo@mppa.mp.br,1,23 de set. de 2026
T_ee3d7f07-1cd1-e394-8ad6-6e5b3d130cf8,Júri Alegações Finais MP,Agente criado pelo usuário,douglassferreira@mppa.mp.br,4,23 de set. de 2026
T_7f861970-42a7-7cb6-9824-b6e378c28195,CPat. Contrarrazões Recursais,Agente criado pelo usuário,anabeatrizpereira@mppa.mp.br,1,23 de set. de 2026
T_ee3d7f07-1cd1-e394-8ad6-6e5b3d130cf8,Júri Alegações Finais MP,Agente criado pelo usuário,anabeatrizpereira@mppa.mp.br,1,23 de set. de 2026
T_e069613b-65d6-694d-8e22-5e17bf599123,Embargos de Declaração PJ,Agente criado pelo usuário,hajrsoares@mppa.mp.br,7,23 de set. de 2026
T_00ccccd8-c3ba-fd0a-3cdb-85f39a54a8c7,Cabe ANPP?,Agente criado pelo usuário,rafaelaferreira@mppa.mp.br,2,23 de set. de 2026
T_a02ad702-f8ba-7f49-7349-2b8e69cdf30c,CPat. Denúncia,Agente criado pelo usuário,rafaelaferreira@mppa.mp.br,10,23 de set. de 2026
T_a9ed52e3-fac8-79f7-ce8b-30e074dea8a2,NF 3 – Finalização,Agente criado pelo usuário,ruanacosta@mppa.mp.br,2,23 de set. de 2026
T_f3d5e896-d6f8-c6b5-aec7-2155f0f735da,Projeto 1,Agente criado pelo usuário,ruanacosta@mppa.mp.br,11,23 de set. de 2026
T_41bb993a-975a-e0d0-712b-6a792f55f9f3,Júri Perguntas em AIJ Crim 01,Agente criado pelo usuário,labreu@mppa.mp.br,2,22 de set. de 2026
T_b1afa55c-f7a0-735a-b790-c3ec3139c527,Promotora da Infância e Juv.,Agente criado pelo usuário,liliamp@mppa.mp.br,1,22 de set. de 2026
T_428c5d3b-93a9-f1eb-1f1b-5d5531d9a362,Tráfico Denúncia,Agente criado pelo usuário,pbezerra@mppa.mp.br,2,22 de set. de 2026
T_a2acaa0f-b41c-a57f-806c-b865b4b5eb75,Tráfico Diligências,Agente criado pelo usuário,pbezerra@mppa.mp.br,2,22 de set. de 2026
T_90d15e4e-c981-2408-1951-bf55b7746a26,CPat. Analista de Investigação,Agente criado pelo usuário,thiagosanandres@mppa.mp.br,8,22 de set. de 2026
T_a02ad702-f8ba-7f49-7349-2b8e69cdf30c,CPat. Denúncia,Agente criado pelo usuário,thiagosanandres@mppa.mp.br,6,22 de set. de 2026
T_a2acaa0f-b41c-a57f-806c-b865b4b5eb75,Tráfico Diligências,Agente criado pelo usuário,rmarques@mppa.mp.br,8,22 de set. de 2026
T_428c5d3b-93a9-f1eb-1f1b-5d5531d9a362,Tráfico Denúncia,Agente criado pelo usuário,luissilva@mppa.mp.br,7,22 de set. de 2026
T_18a9f955-e7ec-d35a-1d2f-1993e37ce8f7,CPat. Alegações Finais MP,Agente criado pelo usuário,monicarocha@mppa.mp.br,2,22 de set. de 2026
T_19f44508-0f59-1cc2-c106-1cd64603500c,FIRAC+ Análise Jurídica,Agente criado pelo usuário,brunorodrigues@mppa.mp.br,6,22 de set. de 2026
T_73d7a1ae-f69a-3d87-2c70-6ac2165d7799,Correção de textos,Agente criado pelo usuário,brunorodrigues@mppa.mp.br,1,22 de set. de 2026
T_bcbd527d-4840-2486-819b-c9389cf69186,Detector de Vícios IA,Agente criado pelo usuário,ftavares@mppa.mp.br,2,22 de set. de 2026
T_5a51fba3-ddf1-264d-0da5-d71bfe6c83ba,FIRAC+ 2° Grau,Agente criado pelo usuário,elieteoliveira@mppa.mp.br,22,22 de set. de 2026
P_9946b656-2c96-e9fa-4ce4-8ad96c5b789b,Jurisprudência GPT,Agente criado por Terceiros,eliseuom@mppa.mp.br,5,22 de set. de 2026
T_19f44508-0f59-1cc2-c106-1cd64603500c,FIRAC+ Análise Jurídica,Agente criado pelo usuário,jozianymelo@mppa.mp.br,2,22 de set. de 2026
T_0ba501dd-96cb-3e27-9af5-2e92236b744d,Júri Analista de Investigação,Agente criado pelo usuário,annabarroso@mppa.mp.br,8,22 de set. de 2026
T_a9ed52e3-fac8-79f7-ce8b-30e074dea8a2,NF 3 – Finalização,Agente criado pelo usuário,ronaldopepe@mppa.mp.br,2,22 de set. de 2026
T_c94fc155-ea04-9afa-d8d1-d3e7dee8bc15,PA 2 — Andamento,Agente criado pelo usuário,ronaldopepe@mppa.mp.br,2,22 de set. de 2026
T_df4a806f-9da9-e52c-753e-6b0812db8850,Bus Photo Director,Agente criado pelo usuário,andreymatos@mppa.mp.br,2,22 de set. de 2026
T_0cc4900c-395c-92be-5b7b-c7261a8d33e5,FALÊNCIA,Agente criado pelo usuário,kariannemachado@mppa.mp.br,8,22 de set. de 2026
T_95f394c3-9847-0605-18df-41d7866e6203,Geração de Ofícios MPPA,Agente criado pelo usuário,dayannacatao@mppa.mp.br,3,22 de set. de 2026
T_6f5223c8-332d-a8c2-6e98-728bf3ed11cb,Pat. Red Flags 01-Análise,Agente criado pelo usuário,francisconogueira@mppa.mp.br,2,22 de set. de 2026
T_0970dcf6-22d2-398e-9f08-62dde6b68429,NF 1 - Análise Inicial,Agente criado pelo usuário,deysecereja@mppa.mp.br,7,22 de set. de 2026
T_cbb81106-60bd-19e8-d985-72fe18c473cb,AMC - Alegações Finais,Agente criado pelo usuário,rayannessilva@mppa.mp.br,7,22 de set. de 2026
T_ee3d7f07-1cd1-e394-8ad6-6e5b3d130cf8,Júri Alegações Finais MP,Agente criado pelo usuário,larissaportugal@mppa.mp.br,24,22 de set. de 2026
T_482c2d9c-63d4-6fec-d2fc-c760b5386709,teste remissão 11,Agente criado pelo usuário,gabrielnoronha@mppa.mp.br,6,22 de set. de 2026
T_7f6da1fb-3198-1075-e4a4-2e61b9fd0a5a,Júri Roteiro,Agente criado pelo usuário,laisaoliveira@mppa.mp.br,3,22 de set. de 2026
T_6c7c7295-9280-98a9-304d-f8c30b36544b,Transcrever imagem > texto,Agente criado pelo usuário,israelsilva@mppa.mp.br,1,22 de set. de 2026
T_1be62fa2-db75-630c-da0f-6ac3b1048f66,Júri Arquivamento Homicídio,Agente criado pelo usuário,arlonmendes@mppa.mp.br,5,22 de set. de 2026
P_9946b656-2c96-e9fa-4ce4-8ad96c5b789b,Jurisprudência GPT,Agente criado por Terceiros,arthursena@mppa.mp.br,4,22 de set. de 2026
T_5a51fba3-ddf1-264d-0da5-d71bfe6c83ba,FIRAC+ 2° Grau,Agente criado pelo usuário,adriabatista@mppa.mp.br,9,22 de set. de 2026
T_19f44508-0f59-1cc2-c106-1cd64603500c,FIRAC+ Análise Jurídica,Agente criado pelo usuário,lucasbernardino@mppa.mp.br,6,22 de set. de 2026
P_f0ff38f1-4d81-a9b7-dbf1-b161328daa1f,Prompt Coach,Agente criado pela Microsoft,ruanacosta@mppa.mp.br,25,22 de set. de 2026
T_bcbd527d-4840-2486-819b-c9389cf69186,Detector de Vícios IA,Agente criado pelo usuário,jgomes@mppa.mp.br,64,21 de set. de 2026
T_6d0524f7-8f11-0858-566e-5546007aaedb,Tráfico Analista Investigação,Agente criado pelo usuário,ssobral@mppa.mp.br,3,21 de set. de 2026
T_a0ea4777-8377-fd74-735c-b55d5e33eb69,C.Sex Analista de Investigação,Agente criado pelo usuário,ssobral@mppa.mp.br,1,21 de set. de 2026
T_19f44508-0f59-1cc2-c106-1cd64603500c,FIRAC+ Análise Jurídica,Agente criado pelo usuário,labreu@mppa.mp.br,34,21 de set. de 2026
P_9946b656-2c96-e9fa-4ce4-8ad96c5b789b,Jurisprudência GPT,Agente criado por Terceiros,thiagosanandres@mppa.mp.br,8,21 de set. de 2026
T_95f394c3-9847-0605-18df-41d7866e6203,Geração de Ofícios MPPA,Agente criado pelo usuário,thiagosanandres@mppa.mp.br,16,21 de set. de 2026
T_a02ad702-f8ba-7f49-7349-2b8e69cdf30c,CPat. Denúncia,Agente criado pelo usuário,jessicaleao@mppa.mp.br,6,21 de set. de 2026
T_210c8c69-558f-0207-263e-22f55dc91028,CPat. Arquivamento,Agente criado pelo usuário,rmarques@mppa.mp.br,1,21 de set. de 2026
T_73d7a1ae-f69a-3d87-2c70-6ac2165d7799,Correção de textos,Agente criado pelo usuário,aurilene@mppa.mp.br,1,21 de set. de 2026
T_8a43a747-d1ad-c047-166c-874909b1e75c,Administrativo MP,Agente criado pelo usuário,luissilva@mppa.mp.br,3,21 de set. de 2026
T_a0ea4777-8377-fd74-735c-b55d5e33eb69,C.Sex Analista de Investigação,Agente criado pelo usuário,monicarocha@mppa.mp.br,3,21 de set. de 2026
T_ba4c8ad0-5550-b14b-4147-3729d631d6ba,Assessor Licitações/Contratos,Agente criado pelo usuário,victoriavilhena@mppa.mp.br,11,21 de set. de 2026
T_37ede7f5-59da-f6eb-7d4b-e6f34a337981,ANPP - Acordo de Não Persecuçã,Agente criado pelo usuário,andreoliveira@mppa.mp.br,3,21 de set. de 2026
T_91270de1-5632-1ea4-0a82-6f67c9dbed52,Alegações Finais Criminais,Agente criado pelo usuário,andreoliveira@mppa.mp.br,14,21 de set. de 2026
T_c6b3401f-1c2d-df8f-0c8b-30052d280f88,Analista de Contas OSC,Agente criado pelo usuário,raimundosandro@mppa.mp.br,8,21 de set. de 2026
T_a02ad702-f8ba-7f49-7349-2b8e69cdf30c,CPat. Denúncia,Agente criado pelo usuário,danielesaraiva@mppa.mp.br,8,21 de set. de 2026
T_80aad886-12da-5f35-dc19-3937f5543fa3,IC 3 – FINALIZAÇÃO,Agente criado pelo usuário,gabrielaknebel@mppa.mp.br,13,21 de set. de 2026
T_19f44508-0f59-1cc2-c106-1cd64603500c,FIRAC+ Análise Jurídica,Agente criado pelo usuário,pnascimento@mppa.mp.br,3,21 de set. de 2026
T_c67c581e-522e-4123-90d9-0942bcd9cd73,Júri Sustentação oral,Agente criado pelo usuário,pnascimento@mppa.mp.br,4,21 de set. de 2026
T_8a43a747-d1ad-c047-166c-874909b1e75c,Administrativo MP,Agente criado pelo usuário,tgranhen@mppa.mp.br,13,21 de set. de 2026
T_a02ad702-f8ba-7f49-7349-2b8e69cdf30c,CPat. Denúncia,Agente criado pelo usuário,eliseuom@mppa.mp.br,39,21 de set. de 2026
T_18a9f955-e7ec-d35a-1d2f-1993e37ce8f7,CPat. Alegações Finais MP,Agente criado pelo usuário,valeriaasilva@mppa.mp.br,5,21 de set. de 2026
T_18a9f955-e7ec-d35a-1d2f-1993e37ce8f7,CPat. Alegações Finais MP,Agente criado pelo usuário,annabarroso@mppa.mp.br,79,21 de set. de 2026
T_95f394c3-9847-0605-18df-41d7866e6203,Geração de Ofícios MPPA,Agente criado pelo usuário,thaynarasantiago@mppa.mp.br,2,21 de set. de 2026
T_b8cf1b19-e5d1-0b08-bdea-e4e9f1cf15d1,ASSISTENTE DO MPPA,Agente criado pelo usuário,beneditonascimento@mppa.mp.br,124,21 de set. de 2026
T_8a43a747-d1ad-c047-166c-874909b1e75c,Administrativo MP,Agente criado pelo usuário,suellencontente@mppa.mp.br,1,21 de set. de 2026
T_37c9496c-a557-4304-62c9-ee23e6727af8,Especialista Pokémon TCG,Agente criado pelo usuário,jocenete@mppa.mp.br,11,21 de set. de 2026
T_b7c70ced-beaf-d593-3fcd-61fcb519ae23,Saúde - Promotoria ,Agente criado pelo usuário,gustavobrito@mppa.mp.br,2,21 de set. de 2026
T_ee3d7f07-1cd1-e394-8ad6-6e5b3d130cf8,Júri Alegações Finais MP,Agente criado pelo usuário,victornunes@mppa.mp.br,3,21 de set. de 2026
T_8a43a747-d1ad-c047-166c-874909b1e75c,Administrativo MP,Agente criado pelo usuário,miqueiasmoraes@mppa.mp.br,2,21 de set. de 2026
T_20a8b50b-8544-b958-ecf7-3fdc43028bbf,Tráfico Contrarrazões Recurso,Agente criado pelo usuário,mirandapimentel@mppa.mp.br,2,21 de set. de 2026
T_73d7a1ae-f69a-3d87-2c70-6ac2165d7799,Correção de textos,Agente criado pelo usuário,larissaportugal@mppa.mp.br,2,21 de set. de 2026
P_552e6eda-fc18-7fb9-0ef6-1bf2de3393e4,Researcher,Agente criado pela Microsoft,ciia@mppa.mp.br,9,21 de set. de 2026
T_1255a794-02d1-fa75-6a58-893a07bbd1d2,Agente de Estudo Cebraspe,Agente criado pelo usuário,fagnumaraujo@mppa.mp.br,2,21 de set. de 2026
T_50a9c9e9-c1b2-231d-7136-78623ce96527,CPat. Advogado do Diabo,Agente criado pelo usuário,cristinasrocha@mppa.mp.br,41,21 de set. de 2026
P_9946b656-2c96-e9fa-4ce4-8ad96c5b789b,Jurisprudência GPT,Agente criado por Terceiros,analuz@mppa.mp.br,4,21 de set. de 2026
T_5a51fba3-ddf1-264d-0da5-d71bfe6c83ba,FIRAC+ 2° Grau,Agente criado pelo usuário,lucasbernardino@mppa.mp.br,2,21 de set. de 2026
T_5ca15829-6830-98b2-aef0-67b995cfe7f1,PA 3 — Finalização,Agente criado pelo usuário,ruanacosta@mppa.mp.br,16,21 de set. de 2026
T_73d7a1ae-f69a-3d87-2c70-6ac2165d7799,Correção de textos,Agente criado pelo usuário,jgomes@mppa.mp.br,100,20 de set. de 2026
T_a0ea4777-8377-fd74-735c-b55d5e33eb69,C.Sex Analista de Investigação,Agente criado pelo usuário,camilacruz@mppa.mp.br,3,20 de set. de 2026
T_18a9f955-e7ec-d35a-1d2f-1993e37ce8f7,CPat. Alegações Finais MP,Agente criado pelo usuário,pbezerra@mppa.mp.br,1,18 de set. de 2026
P_91fe45e4-9413-b0e6-dad9-c855b4952367,Workflows (Frontier),Agente criado pela Microsoft,alineneiva@mppa.mp.br,6,18 de set. de 2026
P_cee13b52-3ca2-f561-866d-5f91fdbf6689,Workforce Insights (Frontier),Agente criado pela Microsoft,alineneiva@mppa.mp.br,1,18 de set. de 2026
T_00ccccd8-c3ba-fd0a-3cdb-85f39a54a8c7,Cabe ANPP?,Agente criado pelo usuário,luissilva@mppa.mp.br,14,18 de set. de 2026
T_8a43a747-d1ad-c047-166c-874909b1e75c,Administrativo MP,Agente criado pelo usuário,hbarros@mppa.mp.br,4,18 de set. de 2026
T_bdf1269a-4993-b3ac-62e6-d8dd8e07fce3,PP 2 — Andamento ,Agente criado pelo usuário,camilasamartins@mppa.mp.br,4,18 de set. de 2026
T_6412394d-94b0-ce24-ab23-415fb5637904,Pareceres em Processos Cíveis,Agente criado pelo usuário,vanessaherculano@mppa.mp.br,1,18 de set. de 2026
T_25c51b41-b52e-cf9e-dc3c-c8fc690e1b74,Denúncias - Crimes Contra Vida,Agente criado pelo usuário,eliseuom@mppa.mp.br,4,18 de set. de 2026
T_f666942d-597c-960b-5960-eefae4f98e0e,Tráfico Arquivamento ,Agente criado pelo usuário,annabarroso@mppa.mp.br,1,18 de set. de 2026
T_0ba501dd-96cb-3e27-9af5-2e92236b744d,Júri Analista de Investigação,Agente criado pelo usuário,apgalucio@mppa.mp.br,1,18 de set. de 2026
T_6f5223c8-332d-a8c2-6e98-728bf3ed11cb,Pat. Red Flags 01-Análise,Agente criado pelo usuário,cassiadealexandria@mppa.mp.br,10,18 de set. de 2026
T_797ea83b-9b9d-ad19-b966-8526ec4dd500,IC 1 — Instauração,Agente criado pelo usuário,andreymatos@mppa.mp.br,1,18 de set. de 2026
T_bb1337c5-a8f5-bf9b-8996-4021ac8089c2,Portaria PA Jurídica,Agente criado pelo usuário,andreymatos@mppa.mp.br,12,18 de set. de 2026
T_6f5223c8-332d-a8c2-6e98-728bf3ed11cb,Pat. Red Flags 01-Análise,Agente criado pelo usuário,emiliosoares@mppa.mp.br,3,18 de set. de 2026
T_62341ba6-f26a-8478-f0ad-d986d6f866cf,DAP - Agente de suporte do SAJ,Agente criado por sua organização,ritaalmeida@mppa.mp.br,1,18 de set. de 2026
T_3ba8c789-2f08-41fd-a05f-0e5e97f090c1,Jozeldinha D. Luffy,Agente criado pelo usuário,jopessoa@mppa.mp.br,17,18 de set. de 2026
T_bfe87d8e-95e2-bf66-2732-97532ae90c28,Pat. NF Improbidade,Agente criado pelo usuário,mirandapimentel@mppa.mp.br,2,18 de set. de 2026
T_a02ad702-f8ba-7f49-7349-2b8e69cdf30c,CPat. Denúncia,Agente criado pelo usuário,rayanneoliveira@mppa.mp.br,3,18 de set. de 2026
T_d92eb16e-a800-a058-a7e8-c2ac95833933,PA 1 — Instauração,Agente criado pelo usuário,hajrsoares@mppa.mp.br,7,18 de set. de 2026
T_632005cf-23ef-f061-9775-62bbf725b155,IC 2 – Andamento,Agente criado pelo usuário,ulissesnascimento@mppa.mp.br,2,18 de set. de 2026
T_af9781dd-4b1d-a67a-31b4-ab970f695ecf,Secretaria 3ª PJ Itaituba,Agente criado pelo usuário,jorgearaujo@mppa.mp.br,6,18 de set. de 2026
T_0970dcf6-22d2-398e-9f08-62dde6b68429,NF 1 - Análise Inicial,Agente criado pelo usuário,rafaelaferreira@mppa.mp.br,6,18 de set. de 2026
T_19f44508-0f59-1cc2-c106-1cd64603500c,FIRAC+ Análise Jurídica,Agente criado pelo usuário,btravassos@mppa.mp.br,3,17 de set. de 2026
T_632005cf-23ef-f061-9775-62bbf725b155,IC 2 – Andamento,Agente criado pelo usuário,silviateixeira@mppa.mp.br,5,17 de set. de 2026
P_9946b656-2c96-e9fa-4ce4-8ad96c5b789b,Jurisprudência GPT,Agente criado por Terceiros,carlapassos@mppa.mp.br,2,17 de set. de 2026
T_c73f20b3-3ce3-36d6-8836-3a1aa89929cd,Júri Incoerência Depoimentos,Agente criado pelo usuário,atmartins@mppa.mp.br,7,17 de set. de 2026
T_2449cd62-53e9-c99e-e873-b6a0a26b60aa,ReunIAo EXTRAJUDICIAL,Agente criado pelo usuário,rener@mppa.mp.br,2,17 de set. de 2026
T_00ccccd8-c3ba-fd0a-3cdb-85f39a54a8c7,Cabe ANPP?,Agente criado pelo usuário,rmarques@mppa.mp.br,4,17 de set. de 2026
T_47ab2e5b-5164-5d1d-908a-71c46c365091,Tráfico Revogação de Prisão,Agente criado pelo usuário,rmarques@mppa.mp.br,6,17 de set. de 2026
T_19f44508-0f59-1cc2-c106-1cd64603500c,FIRAC+ Análise Jurídica,Agente criado pelo usuário,islanmello@mppa.mp.br,1,17 de set. de 2026
T_c3b83b7e-e97d-cfc8-ea42-e8134e2f924c,AIC,Agente criado pelo usuário,monicarocha@mppa.mp.br,1,17 de set. de 2026
P_b2f25cb5-1ccd-b7ed-8a74-35d2b43e0130,Planner Agent,Agente criado pela Microsoft,andreoliveira@mppa.mp.br,10,17 de set. de 2026
T_a0ea4777-8377-fd74-735c-b55d5e33eb69,C.Sex Analista de Investigação,Agente criado pelo usuário,andreoliveira@mppa.mp.br,2,17 de set. de 2026
T_62341ba6-f26a-8478-f0ad-d986d6f866cf,DAP - Agente de suporte do SAJ,Agente criado por sua organização,dpinho@mppa.mp.br,3,17 de set. de 2026
T_2897df63-1442-5ffd-8590-2bed980d2945,IC 4 — Planej Investigação,Agente criado pelo usuário,camilasamartins@mppa.mp.br,2,17 de set. de 2026
T_c94fc155-ea04-9afa-d8d1-d3e7dee8bc15,PA 2 — Andamento,Agente criado pelo usuário,camilasamartins@mppa.mp.br,3,17 de set. de 2026
T_dedaee09-5656-78c9-be83-0ede13a337ce,Portaria de PA,Agente criado pelo usuário,fjaelder@mppa.mp.br,1,17 de set. de 2026
T_bfe87d8e-95e2-bf66-2732-97532ae90c28,Pat. NF Improbidade,Agente criado pelo usuário,reny@mppa.mp.br,6,17 de set. de 2026
T_7fca3fe7-e30a-ac54-7749-4b9471dbc198,Júri Contrarrazões Recursais,Agente criado pelo usuário,jozianymelo@mppa.mp.br,2,17 de set. de 2026
T_c73f20b3-3ce3-36d6-8836-3a1aa89929cd,Júri Incoerência Depoimentos,Agente criado pelo usuário,shelceacorrea@mppa.mp.br,10,17 de set. de 2026
T_21b3d4c3-597a-9918-ebd2-de8298fde294,IMPROBIDADE - DURVAL,Agente criado pelo usuário,kariannemachado@mppa.mp.br,8,17 de set. de 2026
T_e5406742-d292-f217-f4e0-cabd3c6b10f9,Perguntas em Escuta de Menores,Agente criado pelo usuário,rodrigorettori@mppa.mp.br,1,17 de set. de 2026
T_320ca72e-eac7-4d48-8d84-7b840d1743e9,Júri Razões Recursais,Agente criado pelo usuário,vitoriadiniz@mppa.mp.br,12,17 de set. de 2026
T_8a86a0bd-9f46-9a46-db40-88651bb59eac,CPat. Revogação de Prisão,Agente criado pelo usuário,manuellaazevedo@mppa.mp.br,5,17 de set. de 2026
T_8a43a747-d1ad-c047-166c-874909b1e75c,Administrativo MP,Agente criado pelo usuário,kharenloureiro@mppa.mp.br,30,17 de set. de 2026
T_a02ad702-f8ba-7f49-7349-2b8e69cdf30c,CPat. Denúncia,Agente criado pelo usuário,brenoreismatos@mppa.mp.br,4,17 de set. de 2026
T_0970dcf6-22d2-398e-9f08-62dde6b68429,NF 1 - Análise Inicial,Agente criado pelo usuário,formigosacauet@mppa.mp.br,4,17 de set. de 2026
T_19f44508-0f59-1cc2-c106-1cd64603500c,FIRAC+ Análise Jurídica,Agente criado pelo usuário,lillieanyaraujo@mppa.mp.br,2,17 de set. de 2026
T_4a448718-3fa2-6940-7519-1387bea6bcf8,Perguntas em AIJ Crim 02,Agente criado pelo usuário,evandro@mppa.mp.br,6,16 de set. de 2026
T_a0ea4777-8377-fd74-735c-b55d5e33eb69,C.Sex Analista de Investigação,Agente criado pelo usuário,pbezerra@mppa.mp.br,4,16 de set. de 2026
T_047f0162-84e3-7cf3-2ca5-0a2fbbbb330f,Crimes Sexuais,Agente criado pelo usuário,rodrigosilva@mppa.mp.br,5,16 de set. de 2026
T_a0ea4777-8377-fd74-735c-b55d5e33eb69,C.Sex Analista de Investigação,Agente criado pelo usuário,rodrigosilva@mppa.mp.br,3,16 de set. de 2026
T_73d7a1ae-f69a-3d87-2c70-6ac2165d7799,Correção de textos,Agente criado pelo usuário,silviateixeira@mppa.mp.br,3,16 de set. de 2026
T_19f44508-0f59-1cc2-c106-1cd64603500c,FIRAC+ Análise Jurídica,Agente criado pelo usuário,alexsaraiva@mppa.mp.br,4,16 de set. de 2026
T_95f394c3-9847-0605-18df-41d7866e6203,Geração de Ofícios MPPA,Agente criado pelo usuário,cacosta@mppa.mp.br,5,16 de set. de 2026
T_19f44508-0f59-1cc2-c106-1cd64603500c,FIRAC+ Análise Jurídica,Agente criado pelo usuário,jessicaleao@mppa.mp.br,7,16 de set. de 2026
T_bcbd527d-4840-2486-819b-c9389cf69186,Detector de Vícios IA,Agente criado pelo usuário,carloscs@mppa.mp.br,6,16 de set. de 2026
T_6d0524f7-8f11-0858-566e-5546007aaedb,Tráfico Analista Investigação,Agente criado pelo usuário,rmarques@mppa.mp.br,1,16 de set. de 2026
P_4f0fcef3-4ed8-d173-8300-f1a1b9545537,Focusworks AI Agent,Agente criado por Terceiros,andreoliveira@mppa.mp.br,1,16 de set. de 2026
T_5478f558-688f-3c10-8a1b-34959768b001,Consumidor,Agente criado pelo usuário,smendes@mppa.mp.br,14,16 de set. de 2026
T_ede4e1ba-cbca-5fa4-7793-3576978073a8,PP 4 — Planej Investigação,Agente criado pelo usuário,camilasamartins@mppa.mp.br,1,16 de set. de 2026
T_e5406742-d292-f217-f4e0-cabd3c6b10f9,Perguntas em Escuta de Menores,Agente criado pelo usuário,gabrielamachado@mppa.mp.br,6,16 de set. de 2026
T_797ea83b-9b9d-ad19-b966-8526ec4dd500,IC 1 — Instauração,Agente criado pelo usuário,eliseuom@mppa.mp.br,1,16 de set. de 2026
T_ee3d7f07-1cd1-e394-8ad6-6e5b3d130cf8,Júri Alegações Finais MP,Agente criado pelo usuário,jozianymelo@mppa.mp.br,1,16 de set. de 2026
T_fd059e07-16e3-986d-ab7a-1e3ac513830f,Júri Quesitação,Agente criado pelo usuário,anacaroline@mppa.mp.br,1,16 de set. de 2026
T_b24d39b5-2a34-13e7-6e42-019ccb5e878a,Polimento ,Agente criado pelo usuário,alephmoreira@mppa.mp.br,11,16 de set. de 2026
T_210c8c69-558f-0207-263e-22f55dc91028,CPat. Arquivamento,Agente criado pelo usuário,annabarroso@mppa.mp.br,9,16 de set. de 2026
T_5ca15829-6830-98b2-aef0-67b995cfe7f1,PA 3 — Finalização,Agente criado pelo usuário,ronaldopepe@mppa.mp.br,2,16 de set. de 2026
T_80aad886-12da-5f35-dc19-3937f5543fa3,IC 3 – FINALIZAÇÃO,Agente criado pelo usuário,ronaldopepe@mppa.mp.br,1,16 de set. de 2026
T_6dbc10aa-b93f-0f5c-bea0-537c0adea082,ATRIBUTOR,Agente criado pelo usuário,amadeuvidonho@mppa.mp.br,5,16 de set. de 2026
T_68e37fac-5abb-d7c3-2832-93ac1be684ea,Velamento Fundacional MPPA,Agente criado pelo usuário,kariannemachado@mppa.mp.br,9,16 de set. de 2026
T_632005cf-23ef-f061-9775-62bbf725b155,IC 2 – Andamento,Agente criado pelo usuário,mirandapimentel@mppa.mp.br,6,16 de set. de 2026
T_a9ed52e3-fac8-79f7-ce8b-30e074dea8a2,NF 3 – Finalização,Agente criado pelo usuário,mirandapimentel@mppa.mp.br,4,16 de set. de 2026
T_8a43a747-d1ad-c047-166c-874909b1e75c,Administrativo MP,Agente criado pelo usuário,julianepantoja@mppa.mp.br,2,16 de set. de 2026
T_8a43a747-d1ad-c047-166c-874909b1e75c,Administrativo MP,Agente criado pelo usuário,hipolito@mppa.mp.br,19,16 de set. de 2026
T_5a51fba3-ddf1-264d-0da5-d71bfe6c83ba,FIRAC+ 2° Grau,Agente criado pelo usuário,vitoriadiniz@mppa.mp.br,11,16 de set. de 2026
T_2c2db2d8-29fa-e36c-9f26-066ed9d7e80b,Extrato de Portaria,Agente criado pelo usuário,albertosantos@mppa.mp.br,5,16 de set. de 2026
T_7194bd0e-863c-c7f1-ee05-ad869d1f1346,GERADOR DE OFÍCIOS EXTRAJUDICI,Agente criado pelo usuário,paulabarros@mppa.mp.br,10,16 de set. de 2026
T_95f394c3-9847-0605-18df-41d7866e6203,Geração de Ofícios MPPA,Agente criado pelo usuário,julireisvieira@mppa.mp.br,9,16 de set. de 2026
T_a02ad702-f8ba-7f49-7349-2b8e69cdf30c,CPat. Denúncia,Agente criado pelo usuário,arthursena@mppa.mp.br,13,16 de set. de 2026
T_62341ba6-f26a-8478-f0ad-d986d6f866cf,DAP - Agente de suporte do SAJ,Agente criado por sua organização,paulossilva@mppa.mp.br,2,16 de set. de 2026
T_0970dcf6-22d2-398e-9f08-62dde6b68429,NF 1 - Análise Inicial,Agente criado pelo usuário,ulissesnascimento@mppa.mp.br,12,16 de set. de 2026
T_797ea83b-9b9d-ad19-b966-8526ec4dd500,IC 1 — Instauração,Agente criado pelo usuário,ulissesnascimento@mppa.mp.br,1,16 de set. de 2026
T_8a43a747-d1ad-c047-166c-874909b1e75c,Administrativo MP,Agente criado pelo usuário,rafaelaferreira@mppa.mp.br,3,16 de set. de 2026
T_d433db18-eb31-e8a4-6713-dbd77046c5a1,PA 4 — Planejamento Estratégic,Agente criado pelo usuário,ruanacosta@mppa.mp.br,1,16 de set. de 2026
T_73d7a1ae-f69a-3d87-2c70-6ac2165d7799,Correção de textos,Agente criado pelo usuário,lillieanyaraujo@mppa.mp.br,1,16 de set. de 2026
T_7f861970-42a7-7cb6-9824-b6e378c28195,CPat. Contrarrazões Recursais,Agente criado pelo usuário,ssobral@mppa.mp.br,1,15 de set. de 2026
T_3202fe77-6fb0-e820-6762-5d1b096dad5a,Gerador De Termos De Declaraçã,Agente criado pelo usuário,thayanne@mppa.mp.br,5,15 de set. de 2026
T_00ccccd8-c3ba-fd0a-3cdb-85f39a54a8c7,Cabe ANPP?,Agente criado pelo usuário,pbezerra@mppa.mp.br,1,15 de set. de 2026
T_210c8c69-558f-0207-263e-22f55dc91028,CPat. Arquivamento,Agente criado pelo usuário,pbezerra@mppa.mp.br,6,15 de set. de 2026
T_0a587ec3-cf08-7433-9050-b9222ee4cae6,Assistente de narrativa fática,Agente criado pelo usuário,carlapassos@mppa.mp.br,7,15 de set. de 2026
T_50a9c9e9-c1b2-231d-7136-78623ce96527,CPat. Advogado do Diabo,Agente criado pelo usuário,erikamenezes@mppa.mp.br,3,15 de set. de 2026
T_52e2ee57-9d5c-cdb1-1f73-882342d8e54a,APE - Meu engenheiro de Prompt,Agente criado pelo usuário,lucasoliveira@mppa.mp.br,1,15 de set. de 2026
T_03baa6e1-0e49-4815-f95a-286f2b51b0fc,Perguntas em AIJ Crim 01,Agente criado pelo usuário,luissilva@mppa.mp.br,1,15 de set. de 2026
T_210c8c69-558f-0207-263e-22f55dc91028,CPat. Arquivamento,Agente criado pelo usuário,luissilva@mppa.mp.br,1,15 de set. de 2026
T_00ccccd8-c3ba-fd0a-3cdb-85f39a54a8c7,Cabe ANPP?,Agente criado pelo usuário,arimoto@mppa.mp.br,3,15 de set. de 2026
T_16d4e10b-c6e4-c443-e6fc-5fa8ae00d751,EMENTARIUS,Agente criado pelo usuário,arimoto@mppa.mp.br,1,15 de set. de 2026
T_19f44508-0f59-1cc2-c106-1cd64603500c,FIRAC+ Análise Jurídica,Agente criado pelo usuário,arimoto@mppa.mp.br,7,15 de set. de 2026
T_a821a712-1829-3b7d-32f8-c7aa36d73646,Agente28 - Arquivamento,Agente criado pelo usuário,arimoto@mppa.mp.br,12,15 de set. de 2026
T_90d15e4e-c981-2408-1951-bf55b7746a26,CPat. Analista de Investigação,Agente criado pelo usuário,andreoliveira@mppa.mp.br,4,15 de set. de 2026
T_7f6da1fb-3198-1075-e4a4-2e61b9fd0a5a,Júri Roteiro,Agente criado pelo usuário,essantos@mppa.mp.br,6,15 de set. de 2026
T_0970dcf6-22d2-398e-9f08-62dde6b68429,NF 1 - Análise Inicial,Agente criado pelo usuário,robertomonteiro@mppa.mp.br,4,15 de set. de 2026
T_eb02c997-44cf-0059-dd4e-921a7278f661,EXTRAJUDICIAL,Agente criado pelo usuário,msousa@mppa.mp.br,2,15 de set. de 2026
T_daca838b-e5fa-b3bc-602f-52c4f31c745d,Elaboração de Ofício,Agente criado pelo usuário,claudiocordeiro@mppa.mp.br,1,15 de set. de 2026
T_0970dcf6-22d2-398e-9f08-62dde6b68429,NF 1 - Análise Inicial,Agente criado pelo usuário,elieteoliveira@mppa.mp.br,5,15 de set. de 2026
T_0970dcf6-22d2-398e-9f08-62dde6b68429,NF 1 - Análise Inicial,Agente criado pelo usuário,eliseuom@mppa.mp.br,1,15 de set. de 2026
T_d73254b8-96ef-4581-9dea-b3b2a49bebd7,NF 2 – Andamento,Agente criado pelo usuário,eliseuom@mppa.mp.br,1,15 de set. de 2026
T_47ab2e5b-5164-5d1d-908a-71c46c365091,Tráfico Revogação de Prisão,Agente criado pelo usuário,annabarroso@mppa.mp.br,4,15 de set. de 2026
T_62341ba6-f26a-8478-f0ad-d986d6f866cf,DAP - Agente de suporte do SAJ,Agente criado por sua organização,paulodantas@mppa.mp.br,1,15 de set. de 2026
T_d73254b8-96ef-4581-9dea-b3b2a49bebd7,NF 2 – Andamento,Agente criado pelo usuário,viniciusalvarenga@mppa.mp.br,9,15 de set. de 2026
T_bdf1269a-4993-b3ac-62e6-d8dd8e07fce3,PP 2 — Andamento ,Agente criado pelo usuário,jeffersonfcoelho@mppa.mp.br,2,15 de set. de 2026
T_7f6da1fb-3198-1075-e4a4-2e61b9fd0a5a,Júri Roteiro,Agente criado pelo usuário,silviofonseca@mppa.mp.br,4,15 de set. de 2026
T_c94fc155-ea04-9afa-d8d1-d3e7dee8bc15,PA 2 — Andamento,Agente criado pelo usuário,victoriacorrea@mppa.mp.br,2,15 de set. de 2026
T_ee3d7f07-1cd1-e394-8ad6-6e5b3d130cf8,Júri Alegações Finais MP,Agente criado pelo usuário,rayannessilva@mppa.mp.br,1,15 de set. de 2026
T_bfe87d8e-95e2-bf66-2732-97532ae90c28,Pat. NF Improbidade,Agente criado pelo usuário,larissafranca@mppa.mp.br,2,15 de set. de 2026
T_00ccccd8-c3ba-fd0a-3cdb-85f39a54a8c7,Cabe ANPP?,Agente criado pelo usuário,kharenloureiro@mppa.mp.br,1,15 de set. de 2026
T_a440e6f8-96cc-fbf1-6b50-d4689f1c7fff,Júri Análise Laudos Periciais,Agente criado pelo usuário,kharenloureiro@mppa.mp.br,1,15 de set. de 2026
T_6f5223c8-332d-a8c2-6e98-728bf3ed11cb,Pat. Red Flags 01-Análise,Agente criado pelo usuário,ciia@mppa.mp.br,1,15 de set. de 2026
T_0ba501dd-96cb-3e27-9af5-2e92236b744d,Júri Analista de Investigação,Agente criado pelo usuário,sauvelinawaru@mppa.mp.br,1,15 de set. de 2026
T_8ff796e2-dfc7-c599-f736-9ec183affd70,Portarias Agrárias,Agente criado pelo usuário,thayanne@mppa.mp.br,2,14 de set. de 2026
T_a02ad702-f8ba-7f49-7349-2b8e69cdf30c,CPat. Denúncia,Agente criado pelo usuário,pbezerra@mppa.mp.br,4,14 de set. de 2026
T_bcbd527d-4840-2486-819b-c9389cf69186,Detector de Vícios IA,Agente criado pelo usuário,silviateixeira@mppa.mp.br,1,14 de set. de 2026
P_f0ff38f1-4d81-a9b7-dbf1-b161328daa1f,Prompt Coach,Agente criado pela Microsoft,alineneiva@mppa.mp.br,1,14 de set. de 2026
T_0970dcf6-22d2-398e-9f08-62dde6b68429,NF 1 - Análise Inicial,Agente criado pelo usuário,mpmaedorio@mppa.mp.br,12,14 de set. de 2026
T_8a43a747-d1ad-c047-166c-874909b1e75c,Administrativo MP,Agente criado pelo usuário,carloscs@mppa.mp.br,1,14 de set. de 2026
T_c67c581e-522e-4123-90d9-0942bcd9cd73,Júri Sustentação oral,Agente criado pelo usuário,atmartins@mppa.mp.br,4,14 de set. de 2026
T_f666942d-597c-960b-5960-eefae4f98e0e,Tráfico Arquivamento ,Agente criado pelo usuário,rmarques@mppa.mp.br,11,14 de set. de 2026
T_00ccccd8-c3ba-fd0a-3cdb-85f39a54a8c7,Cabe ANPP?,Agente criado pelo usuário,fernandolucas@mppa.mp.br,6,14 de set. de 2026
T_73d7a1ae-f69a-3d87-2c70-6ac2165d7799,Correção de textos,Agente criado pelo usuário,arimoto@mppa.mp.br,2,14 de set. de 2026
T_8a86a0bd-9f46-9a46-db40-88651bb59eac,CPat. Revogação de Prisão,Agente criado pelo usuário,yasminpampolha@mppa.mp.br,6,14 de set. de 2026
T_50b35501-ec65-32ca-f378-f7b4784881d8,Programador Institucional,Agente criado pelo usuário,ftavares@mppa.mp.br,3,14 de set. de 2026
T_7fca3fe7-e30a-ac54-7749-4b9471dbc198,Júri Contrarrazões Recursais,Agente criado pelo usuário,daianaraquelsouza@mppa.mp.br,7,14 de set. de 2026
T_00ccccd8-c3ba-fd0a-3cdb-85f39a54a8c7,Cabe ANPP?,Agente criado pelo usuário,sebastiaoissa@mppa.mp.br,2,14 de set. de 2026
T_45ea3111-d112-6408-9201-4cfb35dc77dd,Sanandres ,Agente criado pelo usuário,alephmoreira@mppa.mp.br,1,14 de set. de 2026
T_a0ea4777-8377-fd74-735c-b55d5e33eb69,C.Sex Analista de Investigação,Agente criado pelo usuário,annabarroso@mppa.mp.br,4,14 de set. de 2026
T_2897df63-1442-5ffd-8590-2bed980d2945,IC 4 — Planej Investigação,Agente criado pelo usuário,beneditonascimento@mppa.mp.br,12,14 de set. de 2026
T_7b5cdcca-b3fc-130a-aeda-00b9b5aa1ccf,Pat. Rachadinha 01-Análise,Agente criado pelo usuário,beneditonascimento@mppa.mp.br,7,14 de set. de 2026
T_80d323d7-fc3c-f0f4-bc01-42352f6f410b,Ementa do MPPA em 2° Grau,Agente criado pelo usuário,beneditonascimento@mppa.mp.br,1,14 de set. de 2026
T_257ff029-55c4-7022-0d59-a6c80a9ae695,Análise Estratégica Extrajudic,Agente criado pelo usuário,marlenesousa@mppa.mp.br,25,14 de set. de 2026
T_a02ad702-f8ba-7f49-7349-2b8e69cdf30c,CPat. Denúncia,Agente criado pelo usuário,3pjcrim@mppa.mp.br,21,14 de set. de 2026
T_46b228b8-7e76-1bc3-5b8c-82b183b83db4,Pat. Serv. Fantasma 01-Análise,Agente criado pelo usuário,adrianosilva@mppa.mp.br,3,14 de set. de 2026
T_7fca3fe7-e30a-ac54-7749-4b9471dbc198,Júri Contrarrazões Recursais,Agente criado pelo usuário,pauloandre@mppa.mp.br,2,14 de set. de 2026
T_19f44508-0f59-1cc2-c106-1cd64603500c,FIRAC+ Análise Jurídica,Agente criado pelo usuário,madunascimento@mppa.mp.br,10,14 de set. de 2026
T_19f44508-0f59-1cc2-c106-1cd64603500c,FIRAC+ Análise Jurídica,Agente criado pelo usuário,kharenloureiro@mppa.mp.br,3,14 de set. de 2026
T_90d15e4e-c981-2408-1951-bf55b7746a26,CPat. Analista de Investigação,Agente criado pelo usuário,kharenloureiro@mppa.mp.br,2,14 de set. de 2026
T_20a8b50b-8544-b958-ecf7-3fdc43028bbf,Tráfico Contrarrazões Recurso,Agente criado pelo usuário,arlonmendes@mppa.mp.br,2,14 de set. de 2026
T_428c5d3b-93a9-f1eb-1f1b-5d5531d9a362,Tráfico Denúncia,Agente criado pelo usuário,arlonmendes@mppa.mp.br,1,14 de set. de 2026
T_0ba501dd-96cb-3e27-9af5-2e92236b744d,Júri Analista de Investigação,Agente criado pelo usuário,petronioleaojr@mppa.mp.br,8,14 de set. de 2026
T_428c5d3b-93a9-f1eb-1f1b-5d5531d9a362,Tráfico Denúncia,Agente criado pelo usuário,petronioleaojr@mppa.mp.br,3,14 de set. de 2026
T_a02ad702-f8ba-7f49-7349-2b8e69cdf30c,CPat. Denúncia,Agente criado pelo usuário,petronioleaojr@mppa.mp.br,2,14 de set. de 2026
T_210c8c69-558f-0207-263e-22f55dc91028,CPat. Arquivamento,Agente criado pelo usuário,joanalima@mppa.mp.br,1,13 de set. de 2026
T_428c5d3b-93a9-f1eb-1f1b-5d5531d9a362,Tráfico Denúncia,Agente criado pelo usuário,joanalima@mppa.mp.br,2,13 de set. de 2026
T_cd82dddc-c7d6-d445-99ce-b42626c8b2aa,PA 3 — Finalização,Agente criado pelo usuário,andreoliveira@mppa.mp.br,2,13 de set. de 2026
T_45be468c-a91d-0831-a908-512fbb2a1187,Correção de texto judicial,Agente criado pelo usuário,claudiocordeiro@mppa.mp.br,1,13 de set. de 2026
T_110c0c66-5712-7cf8-4886-de5cb797e9c8,Júri Análise de Aud. Degravada,Agente criado pelo usuário,shelceacorrea@mppa.mp.br,16,13 de set. de 2026
T_4af02066-9b54-fbb1-9708-683dff4c3a18,Júri Advogado do Diabo,Agente criado pelo usuário,shelceacorrea@mppa.mp.br,4,13 de set. de 2026
T_7f6da1fb-3198-1075-e4a4-2e61b9fd0a5a,Júri Roteiro,Agente criado pelo usuário,shelceacorrea@mppa.mp.br,10,13 de set. de 2026
T_a693cb65-12f0-8a60-1bb5-e0b431ed4066,Júri Cross Examination,Agente criado pelo usuário,shelceacorrea@mppa.mp.br,6,13 de set. de 2026
T_c67c581e-522e-4123-90d9-0942bcd9cd73,Júri Sustentação oral,Agente criado pelo usuário,shelceacorrea@mppa.mp.br,8,13 de set. de 2026
T_00ccccd8-c3ba-fd0a-3cdb-85f39a54a8c7,Cabe ANPP?,Agente criado pelo usuário,islanmello@mppa.mp.br,2,12 de set. de 2026
T_3f0018f7-1911-2bbe-10cd-948e2a7cc0a9,Execução Penal,Agente criado pelo usuário,andreoliveira@mppa.mp.br,5,12 de set. de 2026
P_f0ff38f1-4d81-a9b7-dbf1-b161328daa1f,Prompt Coach,Agente criado pela Microsoft,dmoura@mppa.mp.br,5,11 de set. de 2026
T_19f44508-0f59-1cc2-c106-1cd64603500c,FIRAC+ Análise Jurídica,Agente criado pelo usuário,dmoura@mppa.mp.br,1,11 de set. de 2026
T_80aad886-12da-5f35-dc19-3937f5543fa3,IC 3 – FINALIZAÇÃO,Agente criado pelo usuário,silviateixeira@mppa.mp.br,3,11 de set. de 2026
T_41ed3d60-5501-e1cc-b87b-94d9ff71967c,Júri Revogação de Prisão,Agente criado pelo usuário,samuelgomes@mppa.mp.br,1,11 de set. de 2026
T_15abd1ac-3d1a-7a66-3970-3e2de8c86a70,Assistente de Representação,Agente criado pelo usuário,alexoliva@mppa.mp.br,12,11 de set. de 2026
P_9946b656-2c96-e9fa-4ce4-8ad96c5b789b,Jurisprudência GPT,Agente criado por Terceiros,arimoto@mppa.mp.br,9,11 de set. de 2026
P_ba30b62a-2a65-5db1-5925-b1889ad225f8,Plan My Day,Agente criado pela Microsoft,andreoliveira@mppa.mp.br,4,11 de set. de 2026
T_7f861970-42a7-7cb6-9824-b6e378c28195,CPat. Contrarrazões Recursais,Agente criado pelo usuário,annabarroso@mppa.mp.br,4,11 de set. de 2026
T_00ccccd8-c3ba-fd0a-3cdb-85f39a54a8c7,Cabe ANPP?,Agente criado pelo usuário,sidenircosta@mppa.mp.br,4,11 de set. de 2026
T_6d0524f7-8f11-0858-566e-5546007aaedb,Tráfico Analista Investigação,Agente criado pelo usuário,hipolito@mppa.mp.br,5,11 de set. de 2026
T_3624fc90-f3ff-3655-7703-f12ea6c38d62,Júri Denúncia ,Agente criado pelo usuário,vitoriadiniz@mppa.mp.br,14,11 de set. de 2026
T_4c3f3a0d-bb85-5be0-50ef-24b5daf07b71,Promotoria Socioeducativa,Agente criado pelo usuário,gabrielnoronha@mppa.mp.br,3,11 de set. de 2026
T_b0761750-abec-4a4e-7cf5-be1b2834c2cf,Redator de Ato Infracional,Agente criado pelo usuário,gabrielnoronha@mppa.mp.br,5,11 de set. de 2026
T_e9a7e631-0d0c-e463-1cce-6b909968b8ba,AGENTE DE ATO INFRACIONAL - EC,Agente criado pelo usuário,gabrielnoronha@mppa.mp.br,1,11 de set. de 2026
T_e5424285-93b6-ab0c-3bec-e922acc1633a,Júri Diligências Iniciais,Agente criado pelo usuário,petronioleaojr@mppa.mp.br,1,11 de set. de 2026
T_62341ba6-f26a-8478-f0ad-d986d6f866cf,DAP - Agente de suporte do SAJ,Agente criado por sua organização,ruanacosta@mppa.mp.br,18,11 de set. de 2026
T_d09455be-7b62-2cf8-2718-065859344f36,Tráfico Alegações Finais MP,Agente criado pelo usuário,ssobral@mppa.mp.br,2,10 de set. de 2026
T_d8817897-0abf-22e3-f269-ddd4c1e3ce6e,Tráfico Cross Examination ,Agente criado pelo usuário,ssobral@mppa.mp.br,1,10 de set. de 2026
T_6f5223c8-332d-a8c2-6e98-728bf3ed11cb,Pat. Red Flags 01-Análise,Agente criado pelo usuário,novaismanoela@mppa.mp.br,4,10 de set. de 2026
T_fbbe49e7-a920-8af5-d8ac-8ffcb98a006a,Recurso Exigir Contas,Agente criado pelo usuário,niellyromeiro@mppa.mp.br,4,10 de set. de 2026
T_7f861970-42a7-7cb6-9824-b6e378c28195,CPat. Contrarrazões Recursais,Agente criado pelo usuário,joanalima@mppa.mp.br,2,10 de set. de 2026
T_73d7a1ae-f69a-3d87-2c70-6ac2165d7799,Correção de textos,Agente criado pelo usuário,samuelgomes@mppa.mp.br,1,10 de set. de 2026
T_bcbd527d-4840-2486-819b-c9389cf69186,Detector de Vícios IA,Agente criado pelo usuário,samuelgomes@mppa.mp.br,1,10 de set. de 2026
P_552e6eda-fc18-7fb9-0ef6-1bf2de3393e4,Researcher,Agente criado pela Microsoft,jhonny@mppa.mp.br,2,10 de set. de 2026
T_d09455be-7b62-2cf8-2718-065859344f36,Tráfico Alegações Finais MP,Agente criado pelo usuário,luissilva@mppa.mp.br,2,10 de set. de 2026
T_a821a712-1829-3b7d-32f8-c7aa36d73646,Agente28 - Arquivamento,Agente criado pelo usuário,fernandolucas@mppa.mp.br,1,10 de set. de 2026
T_3c187939-da53-e4ff-d762-cdfe9be752ca,ASSISTENTE PJ RUROPOLIS,Agente criado pelo usuário,martareis@mppa.mp.br,1,10 de set. de 2026
T_80aad886-12da-5f35-dc19-3937f5543fa3,IC 3 – FINALIZAÇÃO,Agente criado pelo usuário,gabrielamachado@mppa.mp.br,8,10 de set. de 2026
T_732b87ba-1535-42cb-740b-566187f8a1ea,CPat. Diligências,Agente criado pelo usuário,eliseuom@mppa.mp.br,2,10 de set. de 2026
T_bfe87d8e-95e2-bf66-2732-97532ae90c28,Pat. NF Improbidade,Agente criado pelo usuário,daianaraquelsouza@mppa.mp.br,11,10 de set. de 2026
T_00ccccd8-c3ba-fd0a-3cdb-85f39a54a8c7,Cabe ANPP?,Agente criado pelo usuário,jozianymelo@mppa.mp.br,7,10 de set. de 2026
T_3624fc90-f3ff-3655-7703-f12ea6c38d62,Júri Denúncia ,Agente criado pelo usuário,jozianymelo@mppa.mp.br,1,10 de set. de 2026
T_428c5d3b-93a9-f1eb-1f1b-5d5531d9a362,Tráfico Denúncia,Agente criado pelo usuário,jozianymelo@mppa.mp.br,2,10 de set. de 2026
T_a0ea4777-8377-fd74-735c-b55d5e33eb69,C.Sex Analista de Investigação,Agente criado pelo usuário,jozianymelo@mppa.mp.br,2,10 de set. de 2026
T_8a86a0bd-9f46-9a46-db40-88651bb59eac,CPat. Revogação de Prisão,Agente criado pelo usuário,annabarroso@mppa.mp.br,2,10 de set. de 2026
T_90d15e4e-c981-2408-1951-bf55b7746a26,CPat. Analista de Investigação,Agente criado pelo usuário,annabarroso@mppa.mp.br,3,10 de set. de 2026
T_0ba501dd-96cb-3e27-9af5-2e92236b744d,Júri Analista de Investigação,Agente criado pelo usuário,victornunes@mppa.mp.br,7,10 de set. de 2026
T_1be62fa2-db75-630c-da0f-6ac3b1048f66,Júri Arquivamento Homicídio,Agente criado pelo usuário,victornunes@mppa.mp.br,2,10 de set. de 2026
T_428c5d3b-93a9-f1eb-1f1b-5d5531d9a362,Tráfico Denúncia,Agente criado pelo usuário,victornunes@mppa.mp.br,2,10 de set. de 2026
T_03baa6e1-0e49-4815-f95a-286f2b51b0fc,Perguntas em AIJ Crim 01,Agente criado pelo usuário,victoriacorrea@mppa.mp.br,1,10 de set. de 2026
T_19f44508-0f59-1cc2-c106-1cd64603500c,FIRAC+ Análise Jurídica,Agente criado pelo usuário,mirandapimentel@mppa.mp.br,3,10 de set. de 2026
T_8a86a0bd-9f46-9a46-db40-88651bb59eac,CPat. Revogação de Prisão,Agente criado pelo usuário,kharenloureiro@mppa.mp.br,4,10 de set. de 2026
T_025a04f6-13fc-ab97-7b77-eb5c7dff22b1,Novo Agente,Agente criado pelo usuário,gabrielnoronha@mppa.mp.br,22,10 de set. de 2026
T_7939b3be-76dd-cfd1-f3d0-b8cefc303df5,Assistente Infracional 5ª PJ,Agente criado pelo usuário,gabrielnoronha@mppa.mp.br,2,10 de set. de 2026
T_19f44508-0f59-1cc2-c106-1cd64603500c,FIRAC+ Análise Jurídica,Agente criado pelo usuário,deborasoliveira@mppa.mp.br,7,10 de set. de 2026
T_b5efe0b1-eba4-7341-ed35-de0c212f1bf7,Corretor ortográfico,Agente criado pelo usuário,hajrsoares@mppa.mp.br,7,10 de set. de 2026
T_0ba501dd-96cb-3e27-9af5-2e92236b744d,Júri Analista de Investigação,Agente criado pelo usuário,davidlelis@mppa.mp.br,1,10 de set. de 2026
T_73d7a1ae-f69a-3d87-2c70-6ac2165d7799,Correção de textos,Agente criado pelo usuário,arlonmendes@mppa.mp.br,3,10 de set. de 2026
T_d09455be-7b62-2cf8-2718-065859344f36,Tráfico Alegações Finais MP,Agente criado pelo usuário,sauvelinawaru@mppa.mp.br,12,10 de set. de 2026
T_00ccccd8-c3ba-fd0a-3cdb-85f39a54a8c7,Cabe ANPP?,Agente criado pelo usuário,carlamota@mppa.mp.br,2,10 de set. de 2026
T_d09455be-7b62-2cf8-2718-065859344f36,Tráfico Alegações Finais MP,Agente criado pelo usuário,pbezerra@mppa.mp.br,1,9 de set. de 2026
T_5a18a42e-7454-fce1-180c-cf2f63c155a5,Promotora de Justiça Vivi,Agente criado pelo usuário,vivianesobral@mppa.mp.br,2,9 de set. de 2026
T_6d0524f7-8f11-0858-566e-5546007aaedb,Tráfico Analista Investigação,Agente criado pelo usuário,morgana@mppa.mp.br,2,9 de set. de 2026
P_9946b656-2c96-e9fa-4ce4-8ad96c5b789b,Jurisprudência GPT,Agente criado por Terceiros,esarmento@mppa.mp.br,3,9 de set. de 2026
T_0970dcf6-22d2-398e-9f08-62dde6b68429,NF 1 - Análise Inicial,Agente criado pelo usuário,cacosta@mppa.mp.br,1,9 de set. de 2026
T_210c8c69-558f-0207-263e-22f55dc91028,CPat. Arquivamento,Agente criado pelo usuário,samuelgomes@mppa.mp.br,3,9 de set. de 2026
T_16d4e10b-c6e4-c443-e6fc-5fa8ae00d751,EMENTARIUS,Agente criado pelo usuário,fernandolucas@mppa.mp.br,2,9 de set. de 2026
T_05ac5721-fd90-6720-41bd-49f7bfcce296,Pat. Elaboração ACP Genérica,Agente criado pelo usuário,diegosantana@mppa.mp.br,1,9 de set. de 2026
T_e8d3cca7-736f-a8ad-03ae-8c1c34ba1ab8,Perguntas em AIJ Cível,Agente criado pelo usuário,andreoliveira@mppa.mp.br,2,9 de set. de 2026
T_00ccccd8-c3ba-fd0a-3cdb-85f39a54a8c7,Cabe ANPP?,Agente criado pelo usuário,danielesaraiva@mppa.mp.br,1,9 de set. de 2026
T_46b228b8-7e76-1bc3-5b8c-82b183b83db4,Pat. Serv. Fantasma 01-Análise,Agente criado pelo usuário,gabrielamachado@mppa.mp.br,2,9 de set. de 2026
P_9946b656-2c96-e9fa-4ce4-8ad96c5b789b,Jurisprudência GPT,Agente criado por Terceiros,rodrigowvb@mppa.mp.br,2,9 de set. de 2026
T_2897df63-1442-5ffd-8590-2bed980d2945,IC 4 — Planej Investigação,Agente criado pelo usuário,gabrielaknebel@mppa.mp.br,1,9 de set. de 2026
T_26c54a94-d553-6d56-9bd6-22d9af8d313f,Parecer SEEU,Agente criado pelo usuário,eliseuom@mppa.mp.br,4,9 de set. de 2026
T_ee3d7f07-1cd1-e394-8ad6-6e5b3d130cf8,Júri Alegações Finais MP,Agente criado pelo usuário,annabarroso@mppa.mp.br,10,9 de set. de 2026
T_632005cf-23ef-f061-9775-62bbf725b155,IC 2 – Andamento,Agente criado pelo usuário,cassiadealexandria@mppa.mp.br,1,9 de set. de 2026
T_a9ed52e3-fac8-79f7-ce8b-30e074dea8a2,NF 3 – Finalização,Agente criado pelo usuário,beneditonascimento@mppa.mp.br,3,9 de set. de 2026
T_02b03fee-2c98-c44a-739c-0ce877204a54,Prestação de Contas MPPA,Agente criado pelo usuário,kariannemachado@mppa.mp.br,23,9 de set. de 2026
T_3e1d5544-48f8-0416-7863-7e1c03f052ad,Pat. ANPC 01-Viabilidade,Agente criado pelo usuário,larissafranca@mppa.mp.br,7,9 de set. de 2026
T_18a9f955-e7ec-d35a-1d2f-1993e37ce8f7,CPat. Alegações Finais MP,Agente criado pelo usuário,manuellaazevedo@mppa.mp.br,6,9 de set. de 2026
T_4f54957f-4e89-50b3-ebc3-ce64ccbd5838,denuncia,Agente criado pelo usuário,brunaamorim@mppa.mp.br,1,9 de set. de 2026
T_3cc613dd-e148-4414-94e6-ae936b284746,Despachos MPPA ,Agente criado pelo usuário,mateusmelo@mppa.mp.br,3,9 de set. de 2026
T_210c8c69-558f-0207-263e-22f55dc91028,CPat. Arquivamento,Agente criado pelo usuário,arthursena@mppa.mp.br,2,9 de set. de 2026
P_9946b656-2c96-e9fa-4ce4-8ad96c5b789b,Jurisprudência GPT,Agente criado por Terceiros,laisleite@mppa.mp.br,4,9 de set. de 2026
T_46b228b8-7e76-1bc3-5b8c-82b183b83db4,Pat. Serv. Fantasma 01-Análise,Agente criado pelo usuário,isabellegomes@mppa.mp.br,3,9 de set. de 2026
T_0560b026-a088-990b-bce6-5274168dd83f,PromotorIA 10,Agente criado pelo usuário,claricediniz@mppa.mp.br,6,9 de set. de 2026
T_19f44508-0f59-1cc2-c106-1cd64603500c,FIRAC+ Análise Jurídica,Agente criado pelo usuário,jgomes@mppa.mp.br,19,8 de set. de 2026
T_ee9fd2ec-ae83-5b0a-1431-3026a06527a0,Assessor de Imprensa CIIA,Agente criado pelo usuário,dmoura@mppa.mp.br,1,8 de set. de 2026
T_19f44508-0f59-1cc2-c106-1cd64603500c,FIRAC+ Análise Jurídica,Agente criado pelo usuário,evandro@mppa.mp.br,14,8 de set. de 2026
P_9946b656-2c96-e9fa-4ce4-8ad96c5b789b,Jurisprudência GPT,Agente criado por Terceiros,renatav@mppa.mp.br,2,8 de set. de 2026
T_19f44508-0f59-1cc2-c106-1cd64603500c,FIRAC+ Análise Jurídica,Agente criado pelo usuário,vivianlobato@mppa.mp.br,1,8 de set. de 2026
T_90d15e4e-c981-2408-1951-bf55b7746a26,CPat. Analista de Investigação,Agente criado pelo usuário,morgana@mppa.mp.br,3,8 de set. de 2026
P_9946b656-2c96-e9fa-4ce4-8ad96c5b789b,Jurisprudência GPT,Agente criado por Terceiros,priscilagomes@mppa.mp.br,2,8 de set. de 2026
T_95f394c3-9847-0605-18df-41d7866e6203,Geração de Ofícios MPPA,Agente criado pelo usuário,cmonteiro@mppa.mp.br,3,8 de set. de 2026
P_37eaa533-3e63-8645-7602-0696f7462bbb,Priority Matrix,Agente criado por Terceiros,alineneiva@mppa.mp.br,1,8 de set. de 2026
T_428c5d3b-93a9-f1eb-1f1b-5d5531d9a362,Tráfico Denúncia,Agente criado pelo usuário,samuelgomes@mppa.mp.br,1,8 de set. de 2026
P_9946b656-2c96-e9fa-4ce4-8ad96c5b789b,Jurisprudência GPT,Agente criado por Terceiros,adrianasilva@mppa.mp.br,3,8 de set. de 2026
T_704da44a-14fa-f196-a50a-0a4eef17b1e0,Agente SUSPRO,Agente criado pelo usuário,jorgyvan@mppa.mp.br,3,8 de set. de 2026
T_19f44508-0f59-1cc2-c106-1cd64603500c,FIRAC+ Análise Jurídica,Agente criado pelo usuário,silvananascimento@mppa.mp.br,2,8 de set. de 2026
T_db8a9b70-2b70-b00a-2487-30dde1bef41e,Pat. Contrainteligência ACP,Agente criado pelo usuário,arimoto@mppa.mp.br,1,8 de set. de 2026
T_e8d3cca7-736f-a8ad-03ae-8c1c34ba1ab8,Perguntas em AIJ Cível,Agente criado pelo usuário,rodrigovasconcelos@mppa.mp.br,1,8 de set. de 2026
T_95f394c3-9847-0605-18df-41d7866e6203,Geração de Ofícios MPPA,Agente criado pelo usuário,ftavares@mppa.mp.br,2,8 de set. de 2026
T_e8d3cca7-736f-a8ad-03ae-8c1c34ba1ab8,Perguntas em AIJ Cível,Agente criado pelo usuário,reny@mppa.mp.br,2,8 de set. de 2026
T_ee3d7f07-1cd1-e394-8ad6-6e5b3d130cf8,Júri Alegações Finais MP,Agente criado pelo usuário,danielaaraujo@mppa.mp.br,10,8 de set. de 2026
T_ee3d7f07-1cd1-e394-8ad6-6e5b3d130cf8,Júri Alegações Finais MP,Agente criado pelo usuário,daianaraquelsouza@mppa.mp.br,6,8 de set. de 2026
T_e5b8a076-f3b5-a0d3-a02b-1bc2b850d639,Proce. Extrajudiciais MP,Agente criado pelo usuário,palomaluz@mppa.mp.br,6,8 de set. de 2026
T_632005cf-23ef-f061-9775-62bbf725b155,IC 2 – Andamento,Agente criado pelo usuário,ronaldopepe@mppa.mp.br,9,8 de set. de 2026
T_95f394c3-9847-0605-18df-41d7866e6203,Geração de Ofícios MPPA,Agente criado pelo usuário,ronaldopepe@mppa.mp.br,2,8 de set. de 2026
T_328ec61e-5037-3be7-2990-1ddddf0abf98,Despacho Arquivamento NF,Agente criado pelo usuário,marlenesousa@mppa.mp.br,4,8 de set. de 2026
T_6f5223c8-332d-a8c2-6e98-728bf3ed11cb,Pat. Red Flags 01-Análise,Agente criado pelo usuário,luizabarcante@mppa.mp.br,3,8 de set. de 2026
T_0970dcf6-22d2-398e-9f08-62dde6b68429,NF 1 - Análise Inicial,Agente criado pelo usuário,viniciusalvarenga@mppa.mp.br,2,8 de set. de 2026
T_0970dcf6-22d2-398e-9f08-62dde6b68429,NF 1 - Análise Inicial,Agente criado pelo usuário,anacristinacosta@mppa.mp.br,1,8 de set. de 2026
T_6f5223c8-332d-a8c2-6e98-728bf3ed11cb,Pat. Red Flags 01-Análise,Agente criado pelo usuário,clesianedias@mppa.mp.br,2,8 de set. de 2026
T_00ccccd8-c3ba-fd0a-3cdb-85f39a54a8c7,Cabe ANPP?,Agente criado pelo usuário,alicefarias@mppa.mp.br,1,8 de set. de 2026
T_95f394c3-9847-0605-18df-41d7866e6203,Geração de Ofícios MPPA,Agente criado pelo usuário,gabrielalmeida@mppa.mp.br,3,8 de set. de 2026
T_00ccccd8-c3ba-fd0a-3cdb-85f39a54a8c7,Cabe ANPP?,Agente criado pelo usuário,cristinasrocha@mppa.mp.br,12,8 de set. de 2026
T_47ab2e5b-5164-5d1d-908a-71c46c365091,Tráfico Revogação de Prisão,Agente criado pelo usuário,brenoborges@mppa.mp.br,4,8 de set. de 2026
T_05ac5721-fd90-6720-41bd-49f7bfcce296,Pat. Elaboração ACP Genérica,Agente criado pelo usuário,alephmoreira@mppa.mp.br,1,7 de set. de 2026
T_73d7a1ae-f69a-3d87-2c70-6ac2165d7799,Correção de textos,Agente criado pelo usuário,marianasilva@mppa.mp.br,1,6 de set. de 2026